/*
SQLyog Ultimate v11.11 (64 bit)
MySQL - 5.1.51-community : Database - oa
*********************************************************************
*/

/*!40101 SET NAMES utf8 */;

/*!40101 SET SQL_MODE=''*/;

/*!40014 SET @OLD_UNIQUE_CHECKS=@@UNIQUE_CHECKS, UNIQUE_CHECKS=0 */;
/*!40014 SET @OLD_FOREIGN_KEY_CHECKS=@@FOREIGN_KEY_CHECKS, FOREIGN_KEY_CHECKS=0 */;
/*!40101 SET @OLD_SQL_MODE=@@SQL_MODE, SQL_MODE='NO_AUTO_VALUE_ON_ZERO' */;
/*!40111 SET @OLD_SQL_NOTES=@@SQL_NOTES, SQL_NOTES=0 */;
CREATE DATABASE /*!32312 IF NOT EXISTS*/`oa` /*!40100 DEFAULT CHARACTER SET utf8 COLLATE utf8_bin */;

USE `oa`;

/*Table structure for table `act_ge_bytearray` */

DROP TABLE IF EXISTS `act_ge_bytearray`;

CREATE TABLE `act_ge_bytearray` (
  `ID_` varchar(64) COLLATE utf8_bin NOT NULL DEFAULT '',
  `REV_` int(11) DEFAULT NULL,
  `NAME_` varchar(255) COLLATE utf8_bin DEFAULT NULL,
  `DEPLOYMENT_ID_` varchar(64) COLLATE utf8_bin DEFAULT NULL,
  `BYTES_` longblob,
  `GENERATED_` tinyint(4) DEFAULT NULL,
  PRIMARY KEY (`ID_`),
  KEY `ACT_FK_BYTEARR_DEPL` (`DEPLOYMENT_ID_`),
  CONSTRAINT `ACT_FK_BYTEARR_DEPL` FOREIGN KEY (`DEPLOYMENT_ID_`) REFERENCES `act_re_deployment` (`ID_`)
) ENGINE=InnoDB DEFAULT CHARSET=utf8 COLLATE=utf8_bin;

/*Data for the table `act_ge_bytearray` */

insert  into `act_ge_bytearray`(`ID_`,`REV_`,`NAME_`,`DEPLOYMENT_ID_`,`BYTES_`,`GENERATED_`) values ('2',1,'LeaveBill.bpmn','1','<?xml version=\"1.0\" encoding=\"UTF-8\"?>\n<definitions xmlns=\"http://www.omg.org/spec/BPMN/20100524/MODEL\" xmlns:xsi=\"http://www.w3.org/2001/XMLSchema-instance\" xmlns:xsd=\"http://www.w3.org/2001/XMLSchema\" xmlns:activiti=\"http://activiti.org/bpmn\" xmlns:bpmndi=\"http://www.omg.org/spec/BPMN/20100524/DI\" xmlns:omgdc=\"http://www.omg.org/spec/DD/20100524/DC\" xmlns:omgdi=\"http://www.omg.org/spec/DD/20100524/DI\" typeLanguage=\"http://www.w3.org/2001/XMLSchema\" expressionLanguage=\"http://www.w3.org/1999/XPath\" targetNamespace=\"http://www.activiti.org/test\">\n  <process id=\"LeaveBill\" name=\"LeaveBillprocess\" isExecutable=\"true\">\n    <startEvent id=\"startevent1\" name=\"Start\"></startEvent>\n    <endEvent id=\"endevent1\" name=\"End\"></endEvent>\n    <userTask id=\"usertask1\" name=\"提交申请\" activiti:assignee=\"#{userId}\" activiti:formKey=\"workflowAction_audit.action\"></userTask>\n    <userTask id=\"usertask2\" name=\"审批【部门经理】\" activiti:formKey=\"workflowAction_audit.action\">\n      <extensionElements>\n        <activiti:taskListener event=\"create\" class=\"com.oa.listener.ManagerTask\"></activiti:taskListener>\n      </extensionElements>\n    </userTask>\n    <userTask id=\"usertask3\" name=\"审批【总经理】\" activiti:formKey=\"workflowAction_audit.action\">\n      <extensionElements>\n        <activiti:taskListener event=\"create\" class=\"com.oa.listener.TopManagerTask\"></activiti:taskListener>\n      </extensionElements>\n    </userTask>\n    <sequenceFlow id=\"flow1\" sourceRef=\"startevent1\" targetRef=\"usertask1\"></sequenceFlow>\n    <sequenceFlow id=\"flow2\" name=\"提交申请\" sourceRef=\"usertask1\" targetRef=\"usertask2\"></sequenceFlow>\n    <sequenceFlow id=\"flow3\" name=\"批注\" sourceRef=\"usertask2\" targetRef=\"usertask3\"></sequenceFlow>\n    <sequenceFlow id=\"flow4\" name=\"批注\" sourceRef=\"usertask3\" targetRef=\"endevent1\"></sequenceFlow>\n  </process>\n  <bpmndi:BPMNDiagram id=\"BPMNDiagram_LeaveBill\">\n    <bpmndi:BPMNPlane bpmnElement=\"LeaveBill\" id=\"BPMNPlane_LeaveBill\">\n      <bpmndi:BPMNShape bpmnElement=\"startevent1\" id=\"BPMNShape_startevent1\">\n        <omgdc:Bounds height=\"35.0\" width=\"35.0\" x=\"320.0\" y=\"60.0\"></omgdc:Bounds>\n      </bpmndi:BPMNShape>\n      <bpmndi:BPMNShape bpmnElement=\"endevent1\" id=\"BPMNShape_endevent1\">\n        <omgdc:Bounds height=\"35.0\" width=\"35.0\" x=\"320.0\" y=\"410.0\"></omgdc:Bounds>\n      </bpmndi:BPMNShape>\n      <bpmndi:BPMNShape bpmnElement=\"usertask1\" id=\"BPMNShape_usertask1\">\n        <omgdc:Bounds height=\"55.0\" width=\"105.0\" x=\"285.0\" y=\"130.0\"></omgdc:Bounds>\n      </bpmndi:BPMNShape>\n      <bpmndi:BPMNShape bpmnElement=\"usertask2\" id=\"BPMNShape_usertask2\">\n        <omgdc:Bounds height=\"55.0\" width=\"105.0\" x=\"285.0\" y=\"220.0\"></omgdc:Bounds>\n      </bpmndi:BPMNShape>\n      <bpmndi:BPMNShape bpmnElement=\"usertask3\" id=\"BPMNShape_usertask3\">\n        <omgdc:Bounds height=\"55.0\" width=\"105.0\" x=\"285.0\" y=\"313.0\"></omgdc:Bounds>\n      </bpmndi:BPMNShape>\n      <bpmndi:BPMNEdge bpmnElement=\"flow1\" id=\"BPMNEdge_flow1\">\n        <omgdi:waypoint x=\"337.0\" y=\"95.0\"></omgdi:waypoint>\n        <omgdi:waypoint x=\"337.0\" y=\"130.0\"></omgdi:waypoint>\n      </bpmndi:BPMNEdge>\n      <bpmndi:BPMNEdge bpmnElement=\"flow2\" id=\"BPMNEdge_flow2\">\n        <omgdi:waypoint x=\"337.0\" y=\"185.0\"></omgdi:waypoint>\n        <omgdi:waypoint x=\"337.0\" y=\"220.0\"></omgdi:waypoint>\n        <bpmndi:BPMNLabel>\n          <omgdc:Bounds height=\"14.0\" width=\"48.0\" x=\"347.0\" y=\"185.0\"></omgdc:Bounds>\n        </bpmndi:BPMNLabel>\n      </bpmndi:BPMNEdge>\n      <bpmndi:BPMNEdge bpmnElement=\"flow3\" id=\"BPMNEdge_flow3\">\n        <omgdi:waypoint x=\"337.0\" y=\"275.0\"></omgdi:waypoint>\n        <omgdi:waypoint x=\"337.0\" y=\"313.0\"></omgdi:waypoint>\n        <bpmndi:BPMNLabel>\n          <omgdc:Bounds height=\"14.0\" width=\"24.0\" x=\"347.0\" y=\"275.0\"></omgdc:Bounds>\n        </bpmndi:BPMNLabel>\n      </bpmndi:BPMNEdge>\n      <bpmndi:BPMNEdge bpmnElement=\"flow4\" id=\"BPMNEdge_flow4\">\n        <omgdi:waypoint x=\"337.0\" y=\"368.0\"></omgdi:waypoint>\n        <omgdi:waypoint x=\"337.0\" y=\"410.0\"></omgdi:waypoint>\n        <bpmndi:BPMNLabel>\n          <omgdc:Bounds height=\"14.0\" width=\"24.0\" x=\"347.0\" y=\"368.0\"></omgdc:Bounds>\n        </bpmndi:BPMNLabel>\n      </bpmndi:BPMNEdge>\n    </bpmndi:BPMNPlane>\n  </bpmndi:BPMNDiagram>\n</definitions>',0);
insert  into `act_ge_bytearray`(`ID_`,`REV_`,`NAME_`,`DEPLOYMENT_ID_`,`BYTES_`,`GENERATED_`) values ('2202',1,'LeaveBill.bpmn','2201','<?xml version=\"1.0\" encoding=\"UTF-8\"?>\n<definitions xmlns=\"http://www.omg.org/spec/BPMN/20100524/MODEL\" xmlns:xsi=\"http://www.w3.org/2001/XMLSchema-instance\" xmlns:xsd=\"http://www.w3.org/2001/XMLSchema\" xmlns:activiti=\"http://activiti.org/bpmn\" xmlns:bpmndi=\"http://www.omg.org/spec/BPMN/20100524/DI\" xmlns:omgdc=\"http://www.omg.org/spec/DD/20100524/DC\" xmlns:omgdi=\"http://www.omg.org/spec/DD/20100524/DI\" typeLanguage=\"http://www.w3.org/2001/XMLSchema\" expressionLanguage=\"http://www.w3.org/1999/XPath\" targetNamespace=\"http://www.activiti.org/test\">\n  <process id=\"LeaveBill\" name=\"LeaveBillprocess\" isExecutable=\"true\">\n    <startEvent id=\"startevent1\" name=\"Start\"></startEvent>\n    <endEvent id=\"endevent1\" name=\"End\"></endEvent>\n    <userTask id=\"usertask1\" name=\"提交申请\" activiti:assignee=\"#{userId}\" activiti:formKey=\"workflowAction_audit.action\"></userTask>\n    <userTask id=\"usertask2\" name=\"审批【部门经理】\" activiti:formKey=\"workflowAction_audit.action\">\n      <extensionElements>\n        <activiti:taskListener event=\"create\" class=\"com.oa.listener.ManagerTask\"></activiti:taskListener>\n      </extensionElements>\n    </userTask>\n    <userTask id=\"usertask3\" name=\"再审批【总经理】\" activiti:formKey=\"workflowAction_audit.action\">\n      <extensionElements>\n        <activiti:taskListener event=\"create\" class=\"com.oa.listener.TopManagerTask\"></activiti:taskListener>\n      </extensionElements>\n    </userTask>\n    <sequenceFlow id=\"flow1\" sourceRef=\"startevent1\" targetRef=\"usertask1\"></sequenceFlow>\n    <sequenceFlow id=\"flow2\" name=\"提交申请\" sourceRef=\"usertask1\" targetRef=\"usertask2\"></sequenceFlow>\n    <sequenceFlow id=\"flow3\" name=\"批注\" sourceRef=\"usertask2\" targetRef=\"usertask3\"></sequenceFlow>\n    <sequenceFlow id=\"flow4\" name=\"批注\" sourceRef=\"usertask3\" targetRef=\"endevent1\"></sequenceFlow>\n  </process>\n  <bpmndi:BPMNDiagram id=\"BPMNDiagram_LeaveBill\">\n    <bpmndi:BPMNPlane bpmnElement=\"LeaveBill\" id=\"BPMNPlane_LeaveBill\">\n      <bpmndi:BPMNShape bpmnElement=\"startevent1\" id=\"BPMNShape_startevent1\">\n        <omgdc:Bounds height=\"35.0\" width=\"35.0\" x=\"320.0\" y=\"60.0\"></omgdc:Bounds>\n      </bpmndi:BPMNShape>\n      <bpmndi:BPMNShape bpmnElement=\"endevent1\" id=\"BPMNShape_endevent1\">\n        <omgdc:Bounds height=\"35.0\" width=\"35.0\" x=\"320.0\" y=\"410.0\"></omgdc:Bounds>\n      </bpmndi:BPMNShape>\n      <bpmndi:BPMNShape bpmnElement=\"usertask1\" id=\"BPMNShape_usertask1\">\n        <omgdc:Bounds height=\"55.0\" width=\"105.0\" x=\"285.0\" y=\"130.0\"></omgdc:Bounds>\n      </bpmndi:BPMNShape>\n      <bpmndi:BPMNShape bpmnElement=\"usertask2\" id=\"BPMNShape_usertask2\">\n        <omgdc:Bounds height=\"55.0\" width=\"105.0\" x=\"285.0\" y=\"220.0\"></omgdc:Bounds>\n      </bpmndi:BPMNShape>\n      <bpmndi:BPMNShape bpmnElement=\"usertask3\" id=\"BPMNShape_usertask3\">\n        <omgdc:Bounds height=\"55.0\" width=\"105.0\" x=\"285.0\" y=\"313.0\"></omgdc:Bounds>\n      </bpmndi:BPMNShape>\n      <bpmndi:BPMNEdge bpmnElement=\"flow1\" id=\"BPMNEdge_flow1\">\n        <omgdi:waypoint x=\"337.0\" y=\"95.0\"></omgdi:waypoint>\n        <omgdi:waypoint x=\"337.0\" y=\"130.0\"></omgdi:waypoint>\n      </bpmndi:BPMNEdge>\n      <bpmndi:BPMNEdge bpmnElement=\"flow2\" id=\"BPMNEdge_flow2\">\n        <omgdi:waypoint x=\"337.0\" y=\"185.0\"></omgdi:waypoint>\n        <omgdi:waypoint x=\"337.0\" y=\"220.0\"></omgdi:waypoint>\n        <bpmndi:BPMNLabel>\n          <omgdc:Bounds height=\"14.0\" width=\"48.0\" x=\"347.0\" y=\"185.0\"></omgdc:Bounds>\n        </bpmndi:BPMNLabel>\n      </bpmndi:BPMNEdge>\n      <bpmndi:BPMNEdge bpmnElement=\"flow3\" id=\"BPMNEdge_flow3\">\n        <omgdi:waypoint x=\"337.0\" y=\"275.0\"></omgdi:waypoint>\n        <omgdi:waypoint x=\"337.0\" y=\"313.0\"></omgdi:waypoint>\n        <bpmndi:BPMNLabel>\n          <omgdc:Bounds height=\"14.0\" width=\"24.0\" x=\"347.0\" y=\"275.0\"></omgdc:Bounds>\n        </bpmndi:BPMNLabel>\n      </bpmndi:BPMNEdge>\n      <bpmndi:BPMNEdge bpmnElement=\"flow4\" id=\"BPMNEdge_flow4\">\n        <omgdi:waypoint x=\"337.0\" y=\"368.0\"></omgdi:waypoint>\n        <omgdi:waypoint x=\"337.0\" y=\"410.0\"></omgdi:waypoint>\n        <bpmndi:BPMNLabel>\n          <omgdc:Bounds height=\"14.0\" width=\"24.0\" x=\"347.0\" y=\"368.0\"></omgdc:Bounds>\n        </bpmndi:BPMNLabel>\n      </bpmndi:BPMNEdge>\n    </bpmndi:BPMNPlane>\n  </bpmndi:BPMNDiagram>\n</definitions>',0);
insert  into `act_ge_bytearray`(`ID_`,`REV_`,`NAME_`,`DEPLOYMENT_ID_`,`BYTES_`,`GENERATED_`) values ('2203',1,'LeaveBill.png','2201','PNG\r\n\Z\n\0\0\0\rIHDR\0\0o\0\0\0\0\0f\0\0(mIDATxl]}?pkMnc#Z)kqF<i+?RKJP5ZMSk6JMkM-[ˬM|\nX*@=I ̏!׍c{r\r{nz9}<o{}\0@\0\0\0&M\0>i\0I\0\0O\0}$\0\0&\0h4	\0@I\0\0\'M\0>i\0I\0\0O\0}$\0\0&\0h4	\0@I\0\0\'M\0>i\0I\0\0O\0}$\0\0&\0h4	\0@I\0\0\'M\0>i\0I\0\0O\0}$\0\0&\0h4	\0@I\0\0\'M\0>i\0I\0\0O\0}$\0\0&\0h4	\0@I\0\0\'M\0>i\0I\0\0O\0}$\0\0&\0h4	\0@I\0\0\'M\0>i\0I\0\0O\0}$\0\0&\0h4	\0@I\0\0\'M\0>i\0I]w5<<<xDPH{\0d4	+qjsdw~౽/C?rwlܸq||<U$tC\r!2N׾\'ڶSSSi&ܹ3}|YY=iӦ۷Ŵ\0,&sApdddll,Qos\\ڧ@fH!(qƉd︟ٴOl&C\\~,Joy\ni:Ν;/\rڽO&!:4000J.p˽ޛIyqiǯ\04\'MBMNNum_ڵkWڧ&MB\r&}dۓi\"\0k4	V(zzzV)J.׆\r>Q\0.i2l|||tttU;v}\0]$dUM}|pp0`&!ÆzUM=z5}i(\0k4	JStww}\0]$dXoo7jD@C	Ȱ&HE2lU6s\0B}jS6lHDXIȰ]vvۗV5Miu۶ϧ}\0]$dl__ߪ-[ٳ\'`&!VqN>S,>K\0.imU7w)Imbo5:yk雛KXӤIȼnucTH	>w㍻w?0JpO>I	\n\rB:ΉwNQG>-\02@1338^~܍7>#i\0 MB8t=GRQIQ\n¦ML#O>o|cO,&8M^{mJ}oKqM{\0d4	inn_rOOn1=P =n޺5nmggg2\0$MB\'+ׯxO%\'&&\nB äIȗ8Y=\0:4	=\0!YW _I\0²@H\0e]|&˺\"MuE ,\n4	@Xi+/$\0aYW _I\0²@H\0e]|&˺\"MuE ,\n4	@Xi+/$\0aYW _I\0²@H\0e]|&˺\"MuE ,\n4	@Xi+/$\0aYWMLL!{`` gff\Z\0\'MB{jl޼yrr2y$tbxUWUF뮻P(=4\02O\\ۯr[\0@Xnrܺuk___XL{D\0ti\'+4944\0\"MB\\i2\09Iȑ8Mz0\0I/^@XY(###}}}O̉tiVݞ={G{_;zB>+>\'{m۶?8S}q\0\\$B0::e˖copAU։wNę2ͥ}\0h4	%߽;Uz6l0;;M$R<c{ݴwҾ\\\0IUgϞ-[nXX,V+_;E$W,8>xNRϼ~u	E$7>>>::x\\~gTڱҾt\0$&MBxû\r[~\ZE?8=7?p/D[.FFa/l%`J={`z`` K@b$3u:,E/F^Fџŝ]?o>fk~\\3\'Ӿt\0$&MBx===<xzxb4ҷ.G7/Fѩ݅E>|)Mgu\0dJT/,F\'E.~РP(77/={a)PJO=\\ձ*i ^)_.ɋщ[(0?]]鏶UcsU$@!R\"|\\t<y*z|ȏ֭[+~>?X|U檤I,2wCxDX(W幥{\'G{ԯ\'{~Qtz>:;}T&\rũhqr-8Pw!zSgg7=U.F\'8O{csU$@!D8y/\'<y𕧞?_Oï?q9_~ï7I\0ZgJioiM7U&\rII,2wCxwTҒ&\r	I,2wCx4JZ$@!R|K%-i ^)MΩ%Md&I0wCx4ըrUlҲ\\3z/\0!8]jTʗhrzg 1s7W[W=Ļ:;Z$@!Rz#lK~}+iW+nqi_:\03wCxul5sM«߬jw:ot4	En~\ZJϵm4}c,٥}\0H\rjjR`m..WܮMtj$@F!RqتH٤};Wܮ[Z勦}\0H\r]\\KQ垗7>JxMovZPg 1s7W\\F{^hBM\ZT\\q^\\S[~/\0!RjT卺/aeuR`Nm/\0!R:\Z>LxG~G\r[QMui_:\03wCxJZ$@!R|U%-i 4)M䇹S+*iI\0YdJieI,2wCx494	En&_RIK\"s7}U&\rD%Md\Z\Z=.E/륙}\0HLv96\'l?=:: 1ijL4	K/EϫV&vdd(@;IXbqp\ZEϩ57Ӆ¾/\Z\0&a\\;33ETdM$8PQtP7)@IX]bqlltp357hPOLȖx;Ke&gajjjtz{_\Z!i_\0&!_<Iȗ.+/rwQڝ.@!_La>^b\0kȗ˿7/٬rZc|iؚ$Qѱvc Lِ/onWc`1wC$JFI3_CNº/}ʤ`0eC4ju696D=wݘ\"S6KwP&wk;&2Ĕ\r^lҽI<3eCJwWM:qo Lِ/+W{˰+ާ`\nZcʆ|\0˺\"MuE ,\n4	@Xi+/$\0aYW _I\0²@H\0e]|&˺\"MuE ,\n4	@X|q7z{{ꙙ@I|\Z7oL{h\0d4	X,^uUQ-\ni\r̓&!n+&oֱ@\'&!/֭[%nW,\0@x\'8M\r\r$\0H#_rL{ \0tirdnn.N@@$䋧u~`___s\">\'0<<<>>D\0AUgϞ8EQl׎ϊ=	޽{۶m$Δi_\0.4	P(nٲ.,\\Puq8sssi_(\0\'Mjw΅yըz\r6Φ}\0h4	ett%ϫG7m/\0m&aUٳg˖W|ǎ}\0h4	ž7.,S3_ad4	ፏ.,-o:Gv뱱/\0I(yÖFя/F.D/GGO/zѾѣwoI=إRH4	9rparuuu3KѻQgqg/Dcbb>W=y&u/\0I^OO;\'/,^8 _ťK~ͿQtj1z!zw!*Dѣ<_JY]#@!R\"<U3sх4(\noyK^X.RS>WulJ\"s7WJWKibtlh!._{mW\'om?p\\4	En/;\'Eo>?u}⊟O~j?&y@ձ*i ^)yn)zxgf~kg>ɞ_||_:p3U檤I,2wCxq*Z\\|\\!)/D]<Ϳ{oGo(Γ~\\4	En*nK?<3}h3O|/Ox{?yͩ:i֙!R|[ZC8xMU檤I,2wCx4yR%-i ޥ4yI,2wCx4yB%-i ^)M4	En&RIK\"s7WJs*iI\0YdIi ?^)Mn5VyFʗb\'U6\'ѰӾt\0$fTt˵\ZmԭߨYnk\r%Pzڗ^)3_*+YW\'Q㪝J\0YdJ鍺U[IiRfZpU/\0!Rf:VahQƕoUuXO+^y\rҾt\0$fJ\'rʍ~nuk{h2Uu^cj 1s7W&伪<̚i(6:5i!Rfq*a̪YIUUR\"ICzӨ\\ K@bnRfZ-W[wD66VmG-o\'9ѷ*;lrj\\&K@bn^/W+n/o|Ug^Yhk}\0H\r2ӏVo>nGk_qxU}=6͇Zeڗ^)3[ua̪nPּÛnZ+6H4ʮҾt\0$fJY5I,2wCx4JZ$@!<iRs7WTҒ&\r*iI\0YdJirF%-i ^)M4	EnܹKK/D%Md{,-QJ\"s7744{]^PK3O4	ܹslORg٪{tt4K@b$7;;sKab\r_?99 1iV]l_WԿMP\rvH*g5Sknno}i_4\0!Mjvff2FG8vOM}\'@IXEqܹO蠪oMMS\nIgjn(:\n-Ãvڗ\"MJ]]==42rC(Ӿ,\0 MBx#\0aI/]z!\0AYW _VLu@g@\\~A3k\0V+ȗ߶^v\ZdpF\0t0k\0K{tWs\0T@&ݨi Ϭ/|neC|nH	V\Z\0/Id+w+I<@$^L\'\0\Z\0&HI3CH{\0e]|&˺\"MuE ,\n4	@Xi+/$\0aYW _I\0²@H\0e]|&˺\"MuE ,\n4	@Xi+/$\0aYWMLL!{`` gff\Z\0\'MB{jl޼yrr2y$tbxUWUF뮻P(=4\02O\\ۯr[\0@Xnrܺuk___XL{D\0ti\'+4944\0\"MB\\i2\09Iȑ8Mz0\0I/^@XY(###}}}O̉tiVݞ={G{_;zB>+>\'{m۶?8S}q\0\\$B0::e˖copAU։wNę2ͥ}\0h4	%߽;Uz6l0;;M$R<c{ݴwҾ\\\0IUgϞ-[nXX,V+_;E$W,8>xNRϼ~u	E$7>>>::x\\~gTڱҾt\0$&MBxû\r[~\ZE?8=7?p/D[.FFa/l%`J={`z`` K@b$3u:,E/F^Fџŝ]?o>fk~\\3\'Ӿt\0$&MBx===<xzxb4ҷ.G7/Fѩ݅E>|)Mgu\0dJT/,F\'E.~РP(77/={a)PJO=\\ձ*i ^)_.ɋщ[(0?]]鏶UcsU$@!R\"|\\t<y*z|ȏ֭[+~>?X|U檤I,2wCxDX(W幥{\'G{ԯ\'{~Qtz>:;}T&\rũhqr-8Pw!zSgg7=U.F\'8O{csU$@!D8y/\'<y𕧞?_Oï?q9_~ï7I\0ZgJioiM7U&\rII,2wCxwTҒ&\r	I,2wCx4JZ$@!R|K%-i ^)MΩ%Md&I0wCx4Z喕_jleOZ9VISŋo֭Z1qV[j;;FjO|U 1s7WL4&~Р}U6kuII|$}\0H\r2v;?Lc5htȊm~\ZӖS&K@bn&ۍVnUYwUW}y5he<\rҾt\0$fJ\'j?jvFkվnXl 1s7(5n%q6JoId鶶FQW$@g3wCxrU~QzgUU!c_6\ZgH\0Yd.ejr#tRʮ\Zmԭ궩ݼe0;`Ҿt\0$fJrU}YwY×x~ݺVm7VϴHj}\0H\r2ӏU0}lOq vX~6͇Qeڗ^)3-W՗{>VGk\rwռW}>Ҿt\0$fJY5I,2wCx4JZ$@!<iRs7WTҒ&\r*iI\0YdJirF%-i ^)M4	EnܹKK/D%Md{,-QJ\"s7744{]^PK3O4	ܹslORg٪{tt4K@b$7;;sKab\r_?99 1iV]l_WԿMP\rvH*g5Sknno}i_4\0!Mjvff2FG8vOM}\'@IXEqܹO蠪oMMS\nIgjn(:\n-Ãvڗ\"MJ]]==42rC(Ӿ,\0 MBx#\0aI/]z!\0AYW _VLu@g@\\~A3k\0V+ȗ߶^v\ZdpF\0t0k\0K{tWs\0T@&ݨi Ϭ/|neC|nH	V\Z\0/Id+w+I<@$^L\'\0\Z\0&HI3CH{\0e]|&˺\"MuE ,\n4	@Xi+/$\0aYW _I\0²@H\0e]|&˺\"MuE ,\n4	@Xi+/$\0aYW _I\0²@H\0e]|&˺\"Mu:D\"߫zff&y$t|͛\'\'\'\Z\0\'MB+W]uUez{{BC Iȅo+([oull,A	Iȋu-Gɭ[ŴG@\'&!/x+2NCCC>1	@($_&\0CӤ4	\0e]W,\'\'\'\r\r\r{ \0&MBǊCd k[^e``{+\0G455qsd>\r@I(bqttWݻxl;lRrxx i:\\-nkG^XXlT\'9{IyСO̐&CA\nȪLywN\0i:AX+y-ʺJ\r@+I###({mD쁞~>-\02@̛̻Ï{۵kW\'Z\'MB\r?+yQrʟJ\0&!&&&ʿ:sAgʿ/9S`M&!\n%ݷmOOOڧ&MB\ngCݘ,5|𼡩OK/u(prccci(\0k4	}P][}|7}\0]$dr{G׎-?<`&!i22>Q\0.dX9>IDU?`H@/Y4Yi(\0kE2><JxGN\"i2lttt9}{Y|`` `&!vܹm|4y˝}\0]$dLSτM6mZ|||<`&!>w?0J6+\ni%\0k4	666֯_nqO5Ml+\nB||cСCi\"\0k4	k׮}\nzr<ݾ}{\'Z\'MB\'ظqr]SϬ_\\gZ\'MB\')l7dwwTڧ@H!Wc>|ߓOڵ+ I;˿ÏrK[*\0N233_\rLywpHm=lٲqF\r@\"$tBp]wuwwwճaÆF\Zk7\0$%MBgshXkpppzz:!I$tb811ʁ7<<|	&\0h4	\0@I\0\0\'M\0>i\0@g\0\0\0\0IENDB`',0);
insert  into `act_ge_bytearray`(`ID_`,`REV_`,`NAME_`,`DEPLOYMENT_ID_`,`BYTES_`,`GENERATED_`) values ('3',1,'LeaveBill.png','1','PNG\r\n\Z\n\0\0\0\rIHDR\0\0\0\0\0\0\0aL$\0\0&dIDATxolShMʹnD{RW{lZ+aF2i[-*0KZP.ljֲh:4uZm7OUR,+ehƟ.6к	\\;9\\s/}ns՗;-\0\0E\0\0\0o\0\0\0p=\0\0#\00a\0{\0\0G\0`8\0\0\0\0\0p=\0\0#\00a\0{\0\0G\0`8\0\0\0\0\0p=\0\0#\00a\0{\0\0G\0`8\0\0\0\0\0p=\0\0#\00a\0{\0\0G\0`8\0\0\0\0\0p=\0\0#\00a\0{\0\0G\0`8\0\0\0\0\0p=\0\0#\00a\0{\0\0G\0`8\0\0\0\0\0p=\0\0#\00a\0{\0\0G\0`8\0\0\0\0\0p=`8qupNyK,KӺ{X2e|>2{{lZ^z{<.YGahhhH.ePd׮{V~0}\0<A-3|a?0tիW;\0(F9D3τBT*T\0DIdɒX,vI>/I&O2=`o<ݧe|>`0Awww#ޗVop8\0AMohh(*L|=7n}r\0 쁦\'~Aa?rwy20\0a4x<\'}~G6l}\0\ZE-\nmmmO@{V>_/}\0\ZBM\'\Zz\ZO_եD4ի7nioZ(}\0\ZBM?uHNhb鮰.|>\'\n!=FN4ea7%TGM7=`hbhM<\r],^Xha4\r6<<\r{`bժ>Q\0\r!&L&~aקD4wit?|4;hn>ۧ>E\0\"&~ߋwewSS(hzX+YL{ݢ08z].u\0{tzŪ~S2O>-\0j!{Ѝ\'_}B\0!s\r\r{\Zy^>b QҥK{q@+/>	\0iǑapa@ZM|GfJR<HkkWfE/oټ_RYdR!\naLx4\ZmoooE&},KӺ{.2uFvkz݇\0`]{B=`m؅,Dv!]{B=`m؅,Dv!]{B=`m؅,Dv!]{B=`m؅,Dv!]{B=`m؅,Dv!]{B=`m؅,Dv!bxF[[wDB\r=`[XlY<}h\0faqy&E>N>4\0v9saf͚.`-,XO+W~}D\0f	abΝsΕaɫU{\"˗/χ0{\"TJ=lCvCu\0lp\'E\"P(Kn	y\'{zzx0k{s}}}2do޼y\'\'2;K	ZJLd8{Cr\ZF;::FNLd&:{|IR/`8L`0&2Tz/^L&u_.d=%Uzm߱mү\\{}}}+2YO֯BEE9ONfWZjtE|\0\0P\'\ZfZ\ZߜVU~/<G{@p8ܻד~EB;)gěи?ݰWO_;!눽uYl*~ԞZ@0}\03z@уXz}T)q1+.LBg|KVOgȸ*8/~(F|>ݗ0azLv4_2/Ooe}~K_\nq)+.fąHm\\؏Y-|/\rZP/ؗܒ_e+bbtwO?oyd2Sb\" `ρCEZU=ZP/sk:\'Qbb|<paKm--p{#^./\Z_߿$\\`|S\ra`ѾVaxv-)q^ٟ*vK|;>[?_^*踸<>㮁}EZU=ZPOV6[y1#>̞#޳83.>tG2wWUE\0;l᷎?JL>xl}#\'wۻ=pؑ=M_{ah-@\\_(z}hUGh-@\\؟-7z<Bk,UoGh-@\\؟-z<Bk>E[=ZP\'[\n(w7WYoEDkК|ߋrg.JwWaT߷҇xwv/`&ZP/(w-sca،iGh-@\\4R[jZ׋s}\03ZzDܙK-.axE{^T-3)720gf\0<J1\\ҥ]6g.}ѩwh-@\\\"\nB4=P|jwf\0q*E37pW|~8}\03ZzD<E37Q7θ]\'/ݗ0Kw(wF;忬4aIxwju_:L^.׵\0vq}}@}Ko4t@UK%	\"Zz?N[=ZP\'[\n\'CkjUoGh-@\\ؿM[=ZP/	\"Zz{#rԛT]E\0~ɓNM*S\rz+b }\03z]]?Uy2\Zt{@d2u?%P5V8<t{릭Zo_G\"/\Z`,8=UR].\r0ax%HCTI/?r&#\rȼҊǟ\n}\0ꊆBw\"& N;U$KfC4ϵ3\n/`e,Dvi#i]j	{wL77[a7@إްqǺ&,{{g@h\'.g5rl\0nإzV	zҾgYxʾThz\rM\0u)Mo5{`VN]jJ1\\8I.{G=H\0\0TѲ*f|ٽj|Je=:\nK]O뚰K\'!(.7Gnqt`Ua_F1AIX\0̘E\\M\0h{.=`!aXBh{.=`!aXBh{.=`!aXBb1>/ʍ6C0{|[n-˖-\rl 93o޼¤_h\\ߧi݇`6֮];g7׬Yե\0łIrJ/,![ܹsܹ2;;;y\naXd} \0faX$Jɰwm{.|`!\rbH$\n~-!]pOOof\raxOL͛7o߱D&cgs?UVɟ|axH.^hGGȩUXgϝ/8TJG^IDfT/ŋɤ\"JU;-]5ݗ0axcE&Pԣ?Oh{@=q~L\nUK}޾\0\0<BDL[:Y\n֯%a{zү@w\'xs\\\ZG{\'.mWwy`sWK/`&P/=z0˗\\\n16%.fŅ	qYO|zɊ#WE\'cyϧf\"Z[[ϝ?ɎKI1>9//~?Y!.eŌi!;Q;Ak[˱8ELL~< Ng#OLfJL9ph_<BknM8{Y|8*2BL.liwwW`ѾVaxEO˕ębw,XpۜO~;\"߻!,ת\"ZzN%2%.8+WŎ}}p{gWǧw5h_<Bkf?r+a2/fGr}s${}gŇ8B{#^Q`-=GC݃9<o~c|{;rgk]0Cy߹ﾢ*TE\0~UoGh-@\\؟-3TE\0ra!UoGh-@\\اz<Bk=pK\0raA٪-ҍE\Z\')<uKԓ59~f wXUvW\ZViJ\\xUҡwݗ0*.-lXqX1x=ZP/iVov4]Vߥ^JxEct_:L^.F*גUE*hJ;.{x5F}\03ZzH{ϭ/g.(hV~HQ~KgrHW4y]s\0ݗ0W\ZUb(eYaD#+=.tj=w*,p*ܥ-3a]f(<7w̅t_:LtM%*8\nT([3߮k溾U8aS~Ect_:L^.NUkX<p|A|Vae\',{{-G[:LDk\"흲U[[ʎ1A+^W4gٽjSPˎ}\03ZzH.[eu-d٪ϟ.ݽ1\\jusT/`&ZP/u\'z<Bk8UoGh-@=n)cTE\0ra6UoGh-@\\\'z<Bk-\"Zz>ʕSSoRuax\'O:5u{#^gg?6N7ċ@@Duwwwu@{|6Wh4f\"d pg8BXx<f\"OzJj~th{BUCTJvwӻt_4X=D\".L$BQJ&|T<400 BJ+*IGr+\Z\nTjT:XWHG8ۺ/`>\r>ׂD\"+d,-{.aإCv177!\0R.}=pE45jX.3>\'\'j[4RʾlĜ\0E{=thQ.}+MB8ZK-͂}\0-\nإްeO8ZK/sЋrًKoe{G[v!]{B=`m؅,Dv!]{B=`m؅,Dv!]{B=`m؅,Dv!]{B=`m/Ɍ|`PnϟH$t\Z@ۺukKe˖q݇`6Ǚ7o^a/ZHC0{\nk׮3gk֬}P\0f	ab_r}G`-v9w\\ZX,||>\0,Jd;6=`>TmqbX$	B~].p7<\'CN&͛qbxx\"˟@ooUDFX<$hcDf*ȗ?T*B#Ȥozn\"3NU^~idRLF^k\\_ۖ.<ѱ\"uZџd\'t_4X=8~d&{F>jo_\0\0!zzzh&{٭e߬i{YUxý[~=Wt| ĻxF9.\r[^{Ž⿎]Ŷ<AAݗ0a=ɎKG,ďx\'>dEtF\"Yr1kt}\03zΟdG%Vvj_?۬bF\\Ȉ΅Gޠ\0r}-XV\"&&?NO?O&3%&r8TUE\0r?~R,>!&ﻫ\nw?xh_<Bk[KU;,m\'?ukUGh-@\\`ݒ_^٫bǾW_八B;\ZWUE\0dhe03	9l=˾3CGqq!~}EZU=ZP(C˖~#7_?rr93t.a˅zkw_юVax˅y\"Zza?y{#^.Rax˅\"Zz{#^.STE\0{Zzƪ4ؽt*ݱ[Vtfݗ0\'CkrJ5G*m2mwnX`/Xè^=ZP/r+U߭ehǂ-{IW;yj<JG2cGh-@\\ȝ.J7*23N[e\nj:/`&ZP/r#Uj_WڨxXt_:L^.ޫRf.ܨ2sVڥһ+ec}\03Zz}}qXVZ¾tsTnA^.ޭRn_K9Vݽ$GC\0Cn*YTڨ>g1e,=*]Sݗ0UpkY<p|AW}+}JQHf,wjJۯ\rc0O.7/{~5(t_:L^.k%e{.?Ԍ:Gf\0rw{#^.Sax#	{BkК:F[=ZP/oSax˅}{#^.ߢ-\\985&UWGh-@=SSG<BkuvvoxJt_:L=^wwwWgs՟{F/`&P/Lw]qO#T//`&ĺia[בH<8N(t_8DUTjG pW:KEE^I$D\".UdGE\\{C2ﻻ(At_(p=-q==H	1H~t!#~s-hiimL$B؂{]ZHZ>=`PqsЎ.xؗ@8ZK#a_Z2sy%~)o\Z@CL.ufM	@/Z=_MRKWz\Z$=pE}J=,L.g_\0\0zѢ]\rZ=pE\\;\'\0hQ.7(xy^n}%`m؅,Dv!]{B=`m؅,Dv!]{B=`m؅,Dv!]{B=`m؅,Dv!]{B=`m؅,Dv!bxF[[wDB\r=`[XlY<}h\0faqy&E>N>4\0v9saf͚.`-,XO+W~}D\0f	abΝsΕaɫU{\"˗/χ0{\"TJ=lCvCu\0ǉ֭ák:;;-===r\0x%3^|	7n,Y2c>`*0\\Gҵwcwtt|`0G**Z?NOdxqCCCOJ=`d2)s1_rt\0e{\\Ƙ/͛OƼc	\"[n\"`kkk~P(\0AM/7/^~ŝmÆ\rO=:}I/6[,sni%aitGyD)ha4P(NIMӶ>E\0\"&NU-ݺΏ߯D4XOOj^<Kha4իW%ھK,}\0\ZBM3/?1<~hbT_}\0\ZBM}\\_W>Q\0\r&aѣ^QO@Cao߾5IyjX4\ZyFyؿqh~`0D4Xwww>WrHDha4D\">~itLm/]4?yOOhn~jȟ/-MR:}\0\ZBͭ+\n߾pX)ha47v\rCsw.뇆t\"F@۰aC>}>_;1<>zXz\0a`ɒ%x9ȧ]\ZkoowJR=`d2}Tȩn|>=`0fv~ή{g\r6>!\09񸻾~~-V._\0IH$ܿFc=^rdGGG`Xgiu?XWdŕD<H=`&əQ(\Z}\0B&s\'EƍY#\00a\0{\0\0G\0`8\0\0?d.^\"Y\0\0\0\0IENDB`',0);
insert  into `act_ge_bytearray`(`ID_`,`REV_`,`NAME_`,`DEPLOYMENT_ID_`,`BYTES_`,`GENERATED_`) values ('502',1,'LeaveBill.bpmn','501','<?xml version=\"1.0\" encoding=\"UTF-8\"?>\n<definitions xmlns=\"http://www.omg.org/spec/BPMN/20100524/MODEL\" xmlns:xsi=\"http://www.w3.org/2001/XMLSchema-instance\" xmlns:xsd=\"http://www.w3.org/2001/XMLSchema\" xmlns:activiti=\"http://activiti.org/bpmn\" xmlns:bpmndi=\"http://www.omg.org/spec/BPMN/20100524/DI\" xmlns:omgdc=\"http://www.omg.org/spec/DD/20100524/DC\" xmlns:omgdi=\"http://www.omg.org/spec/DD/20100524/DI\" typeLanguage=\"http://www.w3.org/2001/XMLSchema\" expressionLanguage=\"http://www.w3.org/1999/XPath\" targetNamespace=\"http://www.activiti.org/test\">\n  <process id=\"LeaveBill\" name=\"LeaveBillprocess\" isExecutable=\"true\">\n    <startEvent id=\"startevent1\" name=\"Start\"></startEvent>\n    <endEvent id=\"endevent1\" name=\"End\"></endEvent>\n    <userTask id=\"usertask1\" name=\"提交申请\" activiti:assignee=\"#{userId}\" activiti:formKey=\"workflowAction_audit.action\"></userTask>\n    <userTask id=\"usertask2\" name=\"审批【部门经理】\" activiti:formKey=\"workflowAction_audit.action\">\n      <extensionElements>\n        <activiti:taskListener event=\"create\" class=\"com.oa.listener.ManagerTask\"></activiti:taskListener>\n      </extensionElements>\n    </userTask>\n    <userTask id=\"usertask3\" name=\"再审批【总经理】\" activiti:formKey=\"workflowAction_audit.action\">\n      <extensionElements>\n        <activiti:taskListener event=\"create\" class=\"com.oa.listener.TopManagerTask\"></activiti:taskListener>\n      </extensionElements>\n    </userTask>\n    <sequenceFlow id=\"flow1\" sourceRef=\"startevent1\" targetRef=\"usertask1\"></sequenceFlow>\n    <sequenceFlow id=\"flow2\" name=\"提交申请\" sourceRef=\"usertask1\" targetRef=\"usertask2\"></sequenceFlow>\n    <sequenceFlow id=\"flow3\" name=\"批注\" sourceRef=\"usertask2\" targetRef=\"usertask3\"></sequenceFlow>\n    <sequenceFlow id=\"flow4\" name=\"批注\" sourceRef=\"usertask3\" targetRef=\"endevent1\"></sequenceFlow>\n  </process>\n  <bpmndi:BPMNDiagram id=\"BPMNDiagram_LeaveBill\">\n    <bpmndi:BPMNPlane bpmnElement=\"LeaveBill\" id=\"BPMNPlane_LeaveBill\">\n      <bpmndi:BPMNShape bpmnElement=\"startevent1\" id=\"BPMNShape_startevent1\">\n        <omgdc:Bounds height=\"35.0\" width=\"35.0\" x=\"320.0\" y=\"60.0\"></omgdc:Bounds>\n      </bpmndi:BPMNShape>\n      <bpmndi:BPMNShape bpmnElement=\"endevent1\" id=\"BPMNShape_endevent1\">\n        <omgdc:Bounds height=\"35.0\" width=\"35.0\" x=\"320.0\" y=\"410.0\"></omgdc:Bounds>\n      </bpmndi:BPMNShape>\n      <bpmndi:BPMNShape bpmnElement=\"usertask1\" id=\"BPMNShape_usertask1\">\n        <omgdc:Bounds height=\"55.0\" width=\"105.0\" x=\"285.0\" y=\"130.0\"></omgdc:Bounds>\n      </bpmndi:BPMNShape>\n      <bpmndi:BPMNShape bpmnElement=\"usertask2\" id=\"BPMNShape_usertask2\">\n        <omgdc:Bounds height=\"55.0\" width=\"105.0\" x=\"285.0\" y=\"220.0\"></omgdc:Bounds>\n      </bpmndi:BPMNShape>\n      <bpmndi:BPMNShape bpmnElement=\"usertask3\" id=\"BPMNShape_usertask3\">\n        <omgdc:Bounds height=\"55.0\" width=\"105.0\" x=\"285.0\" y=\"313.0\"></omgdc:Bounds>\n      </bpmndi:BPMNShape>\n      <bpmndi:BPMNEdge bpmnElement=\"flow1\" id=\"BPMNEdge_flow1\">\n        <omgdi:waypoint x=\"337.0\" y=\"95.0\"></omgdi:waypoint>\n        <omgdi:waypoint x=\"337.0\" y=\"130.0\"></omgdi:waypoint>\n      </bpmndi:BPMNEdge>\n      <bpmndi:BPMNEdge bpmnElement=\"flow2\" id=\"BPMNEdge_flow2\">\n        <omgdi:waypoint x=\"337.0\" y=\"185.0\"></omgdi:waypoint>\n        <omgdi:waypoint x=\"337.0\" y=\"220.0\"></omgdi:waypoint>\n        <bpmndi:BPMNLabel>\n          <omgdc:Bounds height=\"14.0\" width=\"48.0\" x=\"347.0\" y=\"185.0\"></omgdc:Bounds>\n        </bpmndi:BPMNLabel>\n      </bpmndi:BPMNEdge>\n      <bpmndi:BPMNEdge bpmnElement=\"flow3\" id=\"BPMNEdge_flow3\">\n        <omgdi:waypoint x=\"337.0\" y=\"275.0\"></omgdi:waypoint>\n        <omgdi:waypoint x=\"337.0\" y=\"313.0\"></omgdi:waypoint>\n        <bpmndi:BPMNLabel>\n          <omgdc:Bounds height=\"14.0\" width=\"24.0\" x=\"347.0\" y=\"275.0\"></omgdc:Bounds>\n        </bpmndi:BPMNLabel>\n      </bpmndi:BPMNEdge>\n      <bpmndi:BPMNEdge bpmnElement=\"flow4\" id=\"BPMNEdge_flow4\">\n        <omgdi:waypoint x=\"337.0\" y=\"368.0\"></omgdi:waypoint>\n        <omgdi:waypoint x=\"337.0\" y=\"410.0\"></omgdi:waypoint>\n        <bpmndi:BPMNLabel>\n          <omgdc:Bounds height=\"14.0\" width=\"24.0\" x=\"347.0\" y=\"368.0\"></omgdc:Bounds>\n        </bpmndi:BPMNLabel>\n      </bpmndi:BPMNEdge>\n    </bpmndi:BPMNPlane>\n  </bpmndi:BPMNDiagram>\n</definitions>',0);
insert  into `act_ge_bytearray`(`ID_`,`REV_`,`NAME_`,`DEPLOYMENT_ID_`,`BYTES_`,`GENERATED_`) values ('503',1,'LeaveBill.png','501','PNG\r\n\Z\n\0\0\0\rIHDR\0\0\0\0\0\0\0\0\0*;IDATxo}?SZ媦O->5lA}F*Jm8_=E%QU%G+jpI*AM^N\n!nJ\r\r\0;\\bLa7Y륏ٙ|ٽ\0\0t}\0\0\0Cr\0h\0(	\0Q\0@$\'\0FIN\0\0\0\0\Zhr\"_\0t?)QNy\0Љ4m8\0Pr:BBt\0H?Aɼ@5;\0T#9Qʼ@5;\0T#9Qʼ@5;\0T#9Qʼ@5;\0T#9Qʼ@5;\0T#9X}~xk<\0i19%h5rJp5%\'\0XS\"NN	%W\0E>J\0Ē{:lq(NE/NsZ[]z+^ՒSK|t*e~ٶg\Ztq_<Ƽa3\0)\\|\\~I<\nוn8TYLr+/+KFv/Hɩ|63\0RZWSLrWs5A\n]TV)9U|狮]KEt*C@;JN\0PMϾ.8/ TxXk*\\)RyY\0U!9UyA_H5]zħuܥ{_Ws UrE|V[^qT}kOb>kSt|j5񽇒\0TsUӕGwSKo]+Qy֨~\"9a3\0)uuSp+$ū/Ke?>TT%\n#~k_?7yXTw}Z;.;\0{ǭ֧k0\0P7	\0:7	\0:D)\0HN2\0PD)\0HN2\0PD)\0HN2\0PD)\0HN2\0PD)\0h\nt\0D\n]\0OpbpNg$\0@$\'\0FIN\0\0\0\0\Z%9\04Jr\0h\0(	\0Q\0@$\'\0FIN\0\0\0\0\Z%9\Zf\'\'\'5L&$Ya`\nRwww{O}:_{oddgƍq,@g`\r:t`\\=ܶm200055$kΝ;ާfM6m߾=}\0%92Sq}>`cƍ\'&&86>Ǚ\0Hr5bddT.O>(\'9ZsV>+ݻ\0GrwСcS·z(H	:^x t73;btcSvDr688쭛)$,)6kÆ\rq(@RHNGGGۚرcll,H\n	:z衶&>=88$lhhJ=v>Q~uzLwww\'\ntohkr\nK\0GGHN\0W7s=\'rto?p[Ӿg۰aC\'\nt]v}ۚdm۟}\0I!9Akkrڲe˞={>QKdٸ )$\'lm+_j8xܧ tl6׎:?s\r}sssq\"@HN&&&nߺ\'@r೷޺{Ʀ9~g>3d`-d26l\';Ʀǎ}Z\0#9\Z1330>{뭏O $\'X;:~}>ʇta\0`Md26mNwtzWG~q@rINd09xc<Hl}ü$kzkx$-kyݾukͶm2;;!t\0	ֲl6;999::~˅k411d>L!9A)*C\0`KW\\9=Erh\n\"9Bt\0ZBHN\0C!]$\'V衐.@+PH	z(\n=Erh\n\"9Bt\0ZBHN\0C!]$\'V衐.@+PH	z(\n=Erh\n\"9Bt\0ZBHN\0C!]$\'V衐.@+PH	z(\n=־00uww_L܇a$\'X{챮27o\0:k_6cM7ۛd>4#9A*s=\\sM!9u]cccq@瑜 -֭[M[nfq@瑜 -yk6LNCCCpe$\'Ho9>N%9Aͅ\0N\0Cjf###}}}wWJw`xxx||=N$9Aٳ\'LalzGڻcKKw`۶mߓ0?=9\0͑2-[u|qiQN)|s(FIN.al\ZZ\\ZP=aÆٸ!h.6W멽On;qO@C$\'h={lrrV5R__\'\r>	f:1|N5Rg>X&7Or荏.--oJU71|Doxxxq)6ݲgAK+K]>>o6x>;<y>}~g!&z@SP?r|uuul_sK`6]×rΤϜ{\0ꐜ z===:<0,\\X}jye>W|e9N/./ xsi>/\0OArtgSmd۫7\\Z	s_*7U%9ɧOAr\n.\'KA]]폶}SU|D/~>,TӺS炷Ou>v?1Ǘ%^<PoJrOOPs+kN\'{_į{~A0]Xq%$\' )^\0?(T>åK]۟BN6x7ZJMUIN@S3y˯g<{^>_Ͽo>s9ڳ_~ozǞ`$\'j)^.9_\\ܝ@odT$>%Sْӧ z{ْӧ ztR5[|D/U͖$>%wT%9ɧOAriN5[|DOrJQKnUc}gT*qO@D/L\0.ݎ*\\^èo;v::)^.[hGF.2VVJ<u6m-	H>}\noE[RΥr#ێs{\0Ч zxqU,Tެd%Wۥ}%9ɧOAr9FF.ߦdMO.ۥf]SP>kkiJOy.6t}\n?e+kl_mu+EOE::)jXmGF/\\J357.__c*/Tw̨.Cś\Z/Tcu+Z::)^.^U9P.\rXm\rwj::)^.^.c/ti\Z}5Ə::)^.^U͖$>%7T%9ɧOA$\'	X)^\0VV^W͖$>%T%9ɧOAriF5[|D/^U͖$>>w+ӧ z}}}o#ӧ zCCCJ#x:	sα?=tVqO@DovvWê\Zyrr2CreHߍ=i\0INlvp/57̾\'\r>	efff`ƙ 8U95!tv 8kr}SSD4Jrfcc\Z빹\'d{boGFqO@$\'\ZFGW[\04Mrtq$VHN.]	@PHFSaOٮljӧ ]MNuwlj}\0W5_\0Y+/}\nҥv:r5ɝN@GО ]ZTqƟ-c>TrjjTӺ.s:`*i*P#ן=HXhO.CI=5v)Lj;Ӟ ]$SS6i] X˕%[Ur*zT7`5\'ShO.uCII)Tן*o<K{tJ\0ZBHN\0C!]$\'V衐.@+PH	z(\n=Erh\n\"9Bt\0ZBHN\0C!]$\'V衐.@+PX&&&=00.^333q\Z@`{Ǻl޼yrr2C0}l+M7tSooo&\0:p=\\s5t]w}P\0GrXn]>6mݺ/}D\0Grxg09\r\r\r En|r@\0:)277&\'7#\0b;aB!NLL])%s߁qD\0:mgϞ01Gyjޣǎ-.-s߁ݻwo۶-|O\04Gr6d2[l9ťEU\\\';͙{\0\Z%9Ai``kqiAUǿ\rfgg.HN.t^ծ>i=]\0\r-ٳe-KYH}KcǗ4$\'^6{9H͟`h\nH>	7>>>::|P~/+Uc#@INݏǥt˖O.o,,/-w=N|bllcXqO@DȑKg5gVAy_[O,lpt9_]v:?s;Crw|0tBpao_= 8|d^%tV$>˥Ӆ\nYN/|A&ori%X%^|dT$>˥+jr<3,B7vu}?VKMUIN@S\\PON>{>֭5?_^x@ɾ*	H>}\nK?BϭgW9<}akowBpvau}/웪ӧ zaX^P@O/=wxvoz޻;lpj!Ӿ_(7U%9ɧOAJM/3Ӈf=0ן{=́k|m۷{\0ѧ z~q}sw6r?SU|D/NfKrO&fKrOIlIN@S\\rzW5[|D/Q͖$>%9lIN@S=Ir*}\nKN?X՞*/_oKkpka=u\0uS0\\vYUqmVmj\\5ڡV|}\n\'U\\^gY(ٱ(T8Mm\\cnh%\' )^.U*>U*.mPPmj75`]*UYd}\nU1X\\)߸x}I^Tɀ%T۱x㊇W~^u\Z<qO@D/~ZuJ)떏Pd>\r::)^yriJREx\nZٸZȫvjS\\>IV\\)JWRRŻ//1raJTʎx}\nVfUG1hj|MS8\\MSP>7Ur~b(ݬx,R78`kU9::)^.bU{blM/#Uח^JƬW#>Ԋ[=u\0uS\\>8V*>u1RnP6*V{r5n1ԡOArj$\' )^.9-	H>}\n\'9INZOAj$\' )^.9-	H>}\nKN3ْӧ zj$\' )^wwsWV^QM$>{QM$>\Z\ZVՙ=u\0uHN;wiY_{\0ꐜ z<ݿV\r͓qO@/F\'ndd(IOrf xIծd=i\0IN.3337L!UF̩o=]\0\rsAU^_\'\nQW6_=T&;2exx0\\{\0 90555:EWWO/i{&BrtN\0ZBMN\rl@D˃ti=9 <A\Z\ni.u?z\ZT=G\rKSל*+` ]Ӻ|	H3ҥTӺjHN@zw.|ϩdjBKsjd5Cti695rJrCtiwJY1\n}|:AH6\0C!]$\'V衐.@+PH	z(\n=Erh\n\"9Bt\0ZBHN\0C!]$\'V衐.@+PH	z(\n=Erh\n\"9Bobb\"LBooo_?33t	־{͛\'\'\'>4#9ڗftM7f2\rHN\ns5\\SHNwuXy$\'Huc֭[lGy$\'Hgyk\rАo8\\	Ro\'SIN\"sssarr3+&9A&@+P\Z`___ݕR\"<wOINv{	Cy䑧=zR:+<ؽ{m$OqO@s$\'hL&3::e˖o_\\ZTua~\nߜ\'\nQKTz{oذavv6h2::MUzj6N	bϞ=[ܲU;v|9IOreپN.-S֯ɍ䓜 z㣣KgyRU;v?B$\\MlYBRBB~yףOć/\rOq;{^<0=00!9A9|&_]]]Apf%p9x18u/neRp|!8~>Ge3)3::$\'^OO{N,-+Cg/VZ^YOo_YKKA&|\\rOgu0@S\\9]Թ`Gd27_?M V\\zŗJMUIN@S\\B&ɳ;R,.,xcWǺom;?pdT$>˥ԹG~nݺ]Oe웪ӧ z)TJ~vf~k>_~|/gVw7Bɾ*	H>}\n&\naxp)`1xsg7ｻ\r0;{}SU|D$no?<3}h3|xצ_z?}}\'	\Z}\nKN>wg#7n+1U%9ɧOArj$\' )jrj$\' )^.9T͖$>%wU%9ɧOArlIN@S\\rS͖$>ѓ$\'`ҧ z|սSa]W/_hwldM\Z9FƉ{\0Ч zapUdjU>H#vT5)~XjF+=u\0uS\\>8Q\r/j,T{ݦƀX#)?C[*~Xm+/&K/Tۥu1NlԡOArxX~tgK^d̊m_2~SΫB#SASP>僟f*M%UW۾jP5~<=u\0uSjr#ZRi695G\r%9k>僟/_+_wi.@=v$>[+q$Qo⡪-T*nSqQ㰛:}\noaM-./qy)}݊,W{ϴ⑔oԡOArǅ*y5<\\6NŃ,[>`u}{\0Ч z|pP%k.ƈcUq}enԡOArj$\' )^.9-	H>}\n\'9INZOAj$\' )^.9-	H>}\nKN3ْӧ zj$\' )^wwsWV^QM$>{QM$>\Z\ZVՙ=u\0uHN;wiY_{\0ꐜ z<ݿV\r͓qO@/F\'ndd(IOrf xIծd=i\0IN.3337L!UF̩o=]\0\rsAU^_\'\nQW6_=T&;2exx0\\{\0 90555:EWWO/i{&BrtN\0ZBMN\rl@D˃ti=9 <A\Z\ni.u?z\ZT=G\rKSל*+` ]Ӻ|	H3ҥTӺjHN@zw.|ϩdjBKsjd5Cti695rJrCtiwJY1\n}|:AH6\0C!]$\'V衐.@+PH	z(\n=Erh\n\"9Bt\0ZBHN\0C!]$\'V衐.@+PH	z(\n=Erh\n\"9Bt\0ZBHN\0C!]$\'V衐.@+PX&&&=00.^333q\Z@`{Ǻl޼yrr2C0}l+M7tSooo&\0:p=\\s5t]w}P\0GrXn]>6mݺ/}D\0Grxg09\r\r\r En|r@\0:)277&\'7#\0b;aB5.NNNÃ\r\r\rk>@N\"90-C=W\0\Z!9\Z455qƺX___Kr5%͎_U{O}P{ߖ-[Jvcq\Z$\'X;J.5};\\Nw>OT\0Jr5bvv6=\0444T;3{ｯowwt\'Dlj;v4G_\nW@9	ւBlڽ+M⁞8q@HN&\'\'[T\\hv\0Er700PnS)_<@1	:Dk:Ir:=v_>E\rn@Il׷~8?lOOOܧ tL&SNRT\nu\r`jj*H\n	:xࢍMaqǝ>Qm߾=_+>|ƍq(@RHN=yr:zXᮘq(@RHN\n#ȓSX/Q}\0I!B+;?QTƏDBCߟO6?:rɩg>Qnާ#M\';N\0%$\'`p<9ȑq(@RHNvܙ7۶I;򃏌}\0I!9A)|vzLiӦM>Q}7Rv~4TS(}\0I!9AgGx鳷ޚvxx8SH	:[&)u)\n:)$o׮]	;Vb۷o\0Er`ƍV\'~zC}f\0\"9Z0;;SH<Wg쎿u>-đ`NIaiޘ}!]h׮]q@INvLNN<=ȥ۷n*\"6T#9233S3tI00}lRq|HPkM&*ٰaCFFF|%6	֦0p]q2@`-fa\Z(IK}}}=L\0\0\0\Z%9\04Jr\0h\0(	\0Q:r7	\0\0\0\0IENDB`',0);

/*Table structure for table `act_ge_property` */

DROP TABLE IF EXISTS `act_ge_property`;

CREATE TABLE `act_ge_property` (
  `NAME_` varchar(64) COLLATE utf8_bin NOT NULL DEFAULT '',
  `VALUE_` varchar(300) COLLATE utf8_bin DEFAULT NULL,
  `REV_` int(11) DEFAULT NULL,
  PRIMARY KEY (`NAME_`)
) ENGINE=InnoDB DEFAULT CHARSET=utf8 COLLATE=utf8_bin;

/*Data for the table `act_ge_property` */

insert  into `act_ge_property`(`NAME_`,`VALUE_`,`REV_`) values ('next.dbid','2701',28);
insert  into `act_ge_property`(`NAME_`,`VALUE_`,`REV_`) values ('schema.history','create(5.12)',1);
insert  into `act_ge_property`(`NAME_`,`VALUE_`,`REV_`) values ('schema.version','5.12',1);

/*Table structure for table `act_hi_actinst` */

DROP TABLE IF EXISTS `act_hi_actinst`;

CREATE TABLE `act_hi_actinst` (
  `ID_` varchar(64) COLLATE utf8_bin NOT NULL,
  `PROC_DEF_ID_` varchar(64) COLLATE utf8_bin NOT NULL,
  `PROC_INST_ID_` varchar(64) COLLATE utf8_bin NOT NULL,
  `EXECUTION_ID_` varchar(64) COLLATE utf8_bin NOT NULL,
  `ACT_ID_` varchar(255) COLLATE utf8_bin NOT NULL,
  `TASK_ID_` varchar(64) COLLATE utf8_bin DEFAULT NULL,
  `CALL_PROC_INST_ID_` varchar(64) COLLATE utf8_bin DEFAULT NULL,
  `ACT_NAME_` varchar(255) COLLATE utf8_bin DEFAULT NULL,
  `ACT_TYPE_` varchar(255) COLLATE utf8_bin NOT NULL,
  `ASSIGNEE_` varchar(64) COLLATE utf8_bin DEFAULT NULL,
  `START_TIME_` datetime NOT NULL,
  `END_TIME_` datetime DEFAULT NULL,
  `DURATION_` bigint(20) DEFAULT NULL,
  PRIMARY KEY (`ID_`),
  KEY `ACT_IDX_HI_ACT_INST_START` (`START_TIME_`),
  KEY `ACT_IDX_HI_ACT_INST_END` (`END_TIME_`),
  KEY `ACT_IDX_HI_ACT_INST_PROCINST` (`PROC_INST_ID_`,`ACT_ID_`),
  KEY `ACT_IDX_HI_ACT_INST_EXEC` (`EXECUTION_ID_`,`ACT_ID_`)
) ENGINE=InnoDB DEFAULT CHARSET=utf8 COLLATE=utf8_bin;

/*Data for the table `act_hi_actinst` */

insert  into `act_hi_actinst`(`ID_`,`PROC_DEF_ID_`,`PROC_INST_ID_`,`EXECUTION_ID_`,`ACT_ID_`,`TASK_ID_`,`CALL_PROC_INST_ID_`,`ACT_NAME_`,`ACT_TYPE_`,`ASSIGNEE_`,`START_TIME_`,`END_TIME_`,`DURATION_`) values ('2402','LeaveBill:3:2204','2401','2401','startevent1',NULL,NULL,'Start','startEvent',NULL,'2015-04-25 19:17:44','2015-04-25 19:17:44',29);
insert  into `act_hi_actinst`(`ID_`,`PROC_DEF_ID_`,`PROC_INST_ID_`,`EXECUTION_ID_`,`ACT_ID_`,`TASK_ID_`,`CALL_PROC_INST_ID_`,`ACT_NAME_`,`ACT_TYPE_`,`ASSIGNEE_`,`START_TIME_`,`END_TIME_`,`DURATION_`) values ('2404','LeaveBill:3:2204','2401','2401','usertask1','2405',NULL,'提交申请','userTask','user1','2015-04-25 19:17:44','2015-04-25 19:17:44',347);
insert  into `act_hi_actinst`(`ID_`,`PROC_DEF_ID_`,`PROC_INST_ID_`,`EXECUTION_ID_`,`ACT_ID_`,`TASK_ID_`,`CALL_PROC_INST_ID_`,`ACT_NAME_`,`ACT_TYPE_`,`ASSIGNEE_`,`START_TIME_`,`END_TIME_`,`DURATION_`) values ('2407','LeaveBill:3:2204','2401','2401','usertask2','2408',NULL,'审批【部门经理】','userTask','test1','2015-04-25 19:17:44','2015-04-25 19:20:01',137358);
insert  into `act_hi_actinst`(`ID_`,`PROC_DEF_ID_`,`PROC_INST_ID_`,`EXECUTION_ID_`,`ACT_ID_`,`TASK_ID_`,`CALL_PROC_INST_ID_`,`ACT_NAME_`,`ACT_TYPE_`,`ASSIGNEE_`,`START_TIME_`,`END_TIME_`,`DURATION_`) values ('2411','LeaveBill:3:2204','2401','2401','usertask3','2412',NULL,'再审批【总经理】','userTask','admin','2015-04-25 19:20:01','2015-04-25 19:20:33',32240);
insert  into `act_hi_actinst`(`ID_`,`PROC_DEF_ID_`,`PROC_INST_ID_`,`EXECUTION_ID_`,`ACT_ID_`,`TASK_ID_`,`CALL_PROC_INST_ID_`,`ACT_NAME_`,`ACT_TYPE_`,`ASSIGNEE_`,`START_TIME_`,`END_TIME_`,`DURATION_`) values ('2415','LeaveBill:3:2204','2401','2401','endevent1',NULL,NULL,'End','endEvent',NULL,'2015-04-25 19:20:33','2015-04-25 19:20:33',0);
insert  into `act_hi_actinst`(`ID_`,`PROC_DEF_ID_`,`PROC_INST_ID_`,`EXECUTION_ID_`,`ACT_ID_`,`TASK_ID_`,`CALL_PROC_INST_ID_`,`ACT_NAME_`,`ACT_TYPE_`,`ASSIGNEE_`,`START_TIME_`,`END_TIME_`,`DURATION_`) values ('2417','LeaveBill:3:2204','2416','2416','startevent1',NULL,NULL,'Start','startEvent',NULL,'2015-04-25 19:29:10','2015-04-25 19:29:10',0);
insert  into `act_hi_actinst`(`ID_`,`PROC_DEF_ID_`,`PROC_INST_ID_`,`EXECUTION_ID_`,`ACT_ID_`,`TASK_ID_`,`CALL_PROC_INST_ID_`,`ACT_NAME_`,`ACT_TYPE_`,`ASSIGNEE_`,`START_TIME_`,`END_TIME_`,`DURATION_`) values ('2419','LeaveBill:3:2204','2416','2416','usertask1','2420',NULL,'提交申请','userTask','user1','2015-04-25 19:29:10','2015-04-25 19:29:10',888);
insert  into `act_hi_actinst`(`ID_`,`PROC_DEF_ID_`,`PROC_INST_ID_`,`EXECUTION_ID_`,`ACT_ID_`,`TASK_ID_`,`CALL_PROC_INST_ID_`,`ACT_NAME_`,`ACT_TYPE_`,`ASSIGNEE_`,`START_TIME_`,`END_TIME_`,`DURATION_`) values ('2422','LeaveBill:3:2204','2416','2416','usertask2','2423',NULL,'审批【部门经理】','userTask','test1','2015-04-25 19:29:10',NULL,NULL);
insert  into `act_hi_actinst`(`ID_`,`PROC_DEF_ID_`,`PROC_INST_ID_`,`EXECUTION_ID_`,`ACT_ID_`,`TASK_ID_`,`CALL_PROC_INST_ID_`,`ACT_NAME_`,`ACT_TYPE_`,`ASSIGNEE_`,`START_TIME_`,`END_TIME_`,`DURATION_`) values ('2502','LeaveBill:3:2204','2501','2501','startevent1',NULL,NULL,'Start','startEvent',NULL,'2015-05-03 17:06:02','2015-05-03 17:06:02',32);
insert  into `act_hi_actinst`(`ID_`,`PROC_DEF_ID_`,`PROC_INST_ID_`,`EXECUTION_ID_`,`ACT_ID_`,`TASK_ID_`,`CALL_PROC_INST_ID_`,`ACT_NAME_`,`ACT_TYPE_`,`ASSIGNEE_`,`START_TIME_`,`END_TIME_`,`DURATION_`) values ('2504','LeaveBill:3:2204','2501','2501','usertask1','2505',NULL,'提交申请','userTask','user1','2015-05-03 17:06:02','2015-05-03 17:06:03',1176);
insert  into `act_hi_actinst`(`ID_`,`PROC_DEF_ID_`,`PROC_INST_ID_`,`EXECUTION_ID_`,`ACT_ID_`,`TASK_ID_`,`CALL_PROC_INST_ID_`,`ACT_NAME_`,`ACT_TYPE_`,`ASSIGNEE_`,`START_TIME_`,`END_TIME_`,`DURATION_`) values ('2507','LeaveBill:3:2204','2501','2501','usertask2','2508',NULL,'审批【部门经理】','userTask','test1','2015-05-03 17:06:03','2015-05-03 17:07:05',62290);
insert  into `act_hi_actinst`(`ID_`,`PROC_DEF_ID_`,`PROC_INST_ID_`,`EXECUTION_ID_`,`ACT_ID_`,`TASK_ID_`,`CALL_PROC_INST_ID_`,`ACT_NAME_`,`ACT_TYPE_`,`ASSIGNEE_`,`START_TIME_`,`END_TIME_`,`DURATION_`) values ('2511','LeaveBill:3:2204','2501','2501','usertask3','2512',NULL,'再审批【总经理】','userTask','admin','2015-05-03 17:07:05',NULL,NULL);
insert  into `act_hi_actinst`(`ID_`,`PROC_DEF_ID_`,`PROC_INST_ID_`,`EXECUTION_ID_`,`ACT_ID_`,`TASK_ID_`,`CALL_PROC_INST_ID_`,`ACT_NAME_`,`ACT_TYPE_`,`ASSIGNEE_`,`START_TIME_`,`END_TIME_`,`DURATION_`) values ('2602','LeaveBill:3:2204','2601','2601','startevent1',NULL,NULL,'Start','startEvent',NULL,'2015-05-03 22:33:23','2015-05-03 22:33:23',28);
insert  into `act_hi_actinst`(`ID_`,`PROC_DEF_ID_`,`PROC_INST_ID_`,`EXECUTION_ID_`,`ACT_ID_`,`TASK_ID_`,`CALL_PROC_INST_ID_`,`ACT_NAME_`,`ACT_TYPE_`,`ASSIGNEE_`,`START_TIME_`,`END_TIME_`,`DURATION_`) values ('2604','LeaveBill:3:2204','2601','2601','usertask1','2605',NULL,'提交申请','userTask','user1','2015-05-03 22:33:23','2015-05-03 22:33:23',761);
insert  into `act_hi_actinst`(`ID_`,`PROC_DEF_ID_`,`PROC_INST_ID_`,`EXECUTION_ID_`,`ACT_ID_`,`TASK_ID_`,`CALL_PROC_INST_ID_`,`ACT_NAME_`,`ACT_TYPE_`,`ASSIGNEE_`,`START_TIME_`,`END_TIME_`,`DURATION_`) values ('2607','LeaveBill:3:2204','2601','2601','usertask2','2608',NULL,'审批【部门经理】','userTask','test1','2015-05-03 22:33:23','2015-05-03 22:34:06',43523);
insert  into `act_hi_actinst`(`ID_`,`PROC_DEF_ID_`,`PROC_INST_ID_`,`EXECUTION_ID_`,`ACT_ID_`,`TASK_ID_`,`CALL_PROC_INST_ID_`,`ACT_NAME_`,`ACT_TYPE_`,`ASSIGNEE_`,`START_TIME_`,`END_TIME_`,`DURATION_`) values ('2611','LeaveBill:3:2204','2601','2601','usertask3','2612',NULL,'再审批【总经理】','userTask','admin','2015-05-03 22:34:06','2015-05-03 22:34:35',29814);
insert  into `act_hi_actinst`(`ID_`,`PROC_DEF_ID_`,`PROC_INST_ID_`,`EXECUTION_ID_`,`ACT_ID_`,`TASK_ID_`,`CALL_PROC_INST_ID_`,`ACT_NAME_`,`ACT_TYPE_`,`ASSIGNEE_`,`START_TIME_`,`END_TIME_`,`DURATION_`) values ('2615','LeaveBill:3:2204','2601','2601','endevent1',NULL,NULL,'End','endEvent',NULL,'2015-05-03 22:34:35','2015-05-03 22:34:35',1);
insert  into `act_hi_actinst`(`ID_`,`PROC_DEF_ID_`,`PROC_INST_ID_`,`EXECUTION_ID_`,`ACT_ID_`,`TASK_ID_`,`CALL_PROC_INST_ID_`,`ACT_NAME_`,`ACT_TYPE_`,`ASSIGNEE_`,`START_TIME_`,`END_TIME_`,`DURATION_`) values ('2617','LeaveBill:3:2204','2616','2616','startevent1',NULL,NULL,'Start','startEvent',NULL,'2015-05-03 22:54:41','2015-05-03 22:54:41',0);
insert  into `act_hi_actinst`(`ID_`,`PROC_DEF_ID_`,`PROC_INST_ID_`,`EXECUTION_ID_`,`ACT_ID_`,`TASK_ID_`,`CALL_PROC_INST_ID_`,`ACT_NAME_`,`ACT_TYPE_`,`ASSIGNEE_`,`START_TIME_`,`END_TIME_`,`DURATION_`) values ('2619','LeaveBill:3:2204','2616','2616','usertask1','2620',NULL,'提交申请','userTask','user1','2015-05-03 22:54:41','2015-05-03 22:54:41',638);
insert  into `act_hi_actinst`(`ID_`,`PROC_DEF_ID_`,`PROC_INST_ID_`,`EXECUTION_ID_`,`ACT_ID_`,`TASK_ID_`,`CALL_PROC_INST_ID_`,`ACT_NAME_`,`ACT_TYPE_`,`ASSIGNEE_`,`START_TIME_`,`END_TIME_`,`DURATION_`) values ('2622','LeaveBill:3:2204','2616','2616','usertask2','2623',NULL,'审批【部门经理】','userTask','test1','2015-05-03 22:54:41','2015-05-03 22:55:59',78470);
insert  into `act_hi_actinst`(`ID_`,`PROC_DEF_ID_`,`PROC_INST_ID_`,`EXECUTION_ID_`,`ACT_ID_`,`TASK_ID_`,`CALL_PROC_INST_ID_`,`ACT_NAME_`,`ACT_TYPE_`,`ASSIGNEE_`,`START_TIME_`,`END_TIME_`,`DURATION_`) values ('2626','LeaveBill:3:2204','2616','2616','usertask3','2627',NULL,'再审批【总经理】','userTask','admin','2015-05-03 22:55:59','2015-05-03 22:56:37',38285);
insert  into `act_hi_actinst`(`ID_`,`PROC_DEF_ID_`,`PROC_INST_ID_`,`EXECUTION_ID_`,`ACT_ID_`,`TASK_ID_`,`CALL_PROC_INST_ID_`,`ACT_NAME_`,`ACT_TYPE_`,`ASSIGNEE_`,`START_TIME_`,`END_TIME_`,`DURATION_`) values ('2630','LeaveBill:3:2204','2616','2616','endevent1',NULL,NULL,'End','endEvent',NULL,'2015-05-03 22:56:37','2015-05-03 22:56:37',0);

/*Table structure for table `act_hi_attachment` */

DROP TABLE IF EXISTS `act_hi_attachment`;

CREATE TABLE `act_hi_attachment` (
  `ID_` varchar(64) COLLATE utf8_bin NOT NULL,
  `REV_` int(11) DEFAULT NULL,
  `USER_ID_` varchar(255) COLLATE utf8_bin DEFAULT NULL,
  `NAME_` varchar(255) COLLATE utf8_bin DEFAULT NULL,
  `DESCRIPTION_` varchar(4000) COLLATE utf8_bin DEFAULT NULL,
  `TYPE_` varchar(255) COLLATE utf8_bin DEFAULT NULL,
  `TASK_ID_` varchar(64) COLLATE utf8_bin DEFAULT NULL,
  `PROC_INST_ID_` varchar(64) COLLATE utf8_bin DEFAULT NULL,
  `URL_` varchar(4000) COLLATE utf8_bin DEFAULT NULL,
  `CONTENT_ID_` varchar(64) COLLATE utf8_bin DEFAULT NULL,
  PRIMARY KEY (`ID_`)
) ENGINE=InnoDB DEFAULT CHARSET=utf8 COLLATE=utf8_bin;

/*Data for the table `act_hi_attachment` */

/*Table structure for table `act_hi_comment` */

DROP TABLE IF EXISTS `act_hi_comment`;

CREATE TABLE `act_hi_comment` (
  `ID_` varchar(64) COLLATE utf8_bin NOT NULL,
  `TYPE_` varchar(255) COLLATE utf8_bin DEFAULT NULL,
  `TIME_` datetime NOT NULL,
  `USER_ID_` varchar(255) COLLATE utf8_bin DEFAULT NULL,
  `TASK_ID_` varchar(64) COLLATE utf8_bin DEFAULT NULL,
  `PROC_INST_ID_` varchar(64) COLLATE utf8_bin DEFAULT NULL,
  `ACTION_` varchar(255) COLLATE utf8_bin DEFAULT NULL,
  `MESSAGE_` varchar(4000) COLLATE utf8_bin DEFAULT NULL,
  `FULL_MSG_` longblob,
  PRIMARY KEY (`ID_`)
) ENGINE=InnoDB DEFAULT CHARSET=utf8 COLLATE=utf8_bin;

/*Data for the table `act_hi_comment` */

insert  into `act_hi_comment`(`ID_`,`TYPE_`,`TIME_`,`USER_ID_`,`TASK_ID_`,`PROC_INST_ID_`,`ACTION_`,`MESSAGE_`,`FULL_MSG_`) values ('2410','comment','2015-04-25 19:20:01',NULL,'2408','2401','AddComment','好的','õ');
insert  into `act_hi_comment`(`ID_`,`TYPE_`,`TIME_`,`USER_ID_`,`TASK_ID_`,`PROC_INST_ID_`,`ACTION_`,`MESSAGE_`,`FULL_MSG_`) values ('2414','comment','2015-04-25 19:20:32',NULL,'2412','2401','AddComment','批准','׼');
insert  into `act_hi_comment`(`ID_`,`TYPE_`,`TIME_`,`USER_ID_`,`TASK_ID_`,`PROC_INST_ID_`,`ACTION_`,`MESSAGE_`,`FULL_MSG_`) values ('2510','comment','2015-05-03 17:07:05',NULL,'2508','2501','AddComment','批准，注意安全','׼עⰲȫ');
insert  into `act_hi_comment`(`ID_`,`TYPE_`,`TIME_`,`USER_ID_`,`TASK_ID_`,`PROC_INST_ID_`,`ACTION_`,`MESSAGE_`,`FULL_MSG_`) values ('2610','comment','2015-05-03 22:34:06',NULL,'2608','2601','AddComment','可以','');
insert  into `act_hi_comment`(`ID_`,`TYPE_`,`TIME_`,`USER_ID_`,`TASK_ID_`,`PROC_INST_ID_`,`ACTION_`,`MESSAGE_`,`FULL_MSG_`) values ('2614','comment','2015-05-03 22:34:35',NULL,'2612','2601','AddComment','允许','');
insert  into `act_hi_comment`(`ID_`,`TYPE_`,`TIME_`,`USER_ID_`,`TASK_ID_`,`PROC_INST_ID_`,`ACTION_`,`MESSAGE_`,`FULL_MSG_`) values ('2625','comment','2015-05-03 22:55:59',NULL,'2623','2616','AddComment','可以吧','԰');
insert  into `act_hi_comment`(`ID_`,`TYPE_`,`TIME_`,`USER_ID_`,`TASK_ID_`,`PROC_INST_ID_`,`ACTION_`,`MESSAGE_`,`FULL_MSG_`) values ('2629','comment','2015-05-03 22:56:37',NULL,'2627','2616','AddComment','批准','׼');

/*Table structure for table `act_hi_detail` */

DROP TABLE IF EXISTS `act_hi_detail`;

CREATE TABLE `act_hi_detail` (
  `ID_` varchar(64) COLLATE utf8_bin NOT NULL,
  `TYPE_` varchar(255) COLLATE utf8_bin NOT NULL,
  `PROC_INST_ID_` varchar(64) COLLATE utf8_bin DEFAULT NULL,
  `EXECUTION_ID_` varchar(64) COLLATE utf8_bin DEFAULT NULL,
  `TASK_ID_` varchar(64) COLLATE utf8_bin DEFAULT NULL,
  `ACT_INST_ID_` varchar(64) COLLATE utf8_bin DEFAULT NULL,
  `NAME_` varchar(255) COLLATE utf8_bin NOT NULL,
  `VAR_TYPE_` varchar(255) COLLATE utf8_bin DEFAULT NULL,
  `REV_` int(11) DEFAULT NULL,
  `TIME_` datetime NOT NULL,
  `BYTEARRAY_ID_` varchar(64) COLLATE utf8_bin DEFAULT NULL,
  `DOUBLE_` double DEFAULT NULL,
  `LONG_` bigint(20) DEFAULT NULL,
  `TEXT_` varchar(4000) COLLATE utf8_bin DEFAULT NULL,
  `TEXT2_` varchar(4000) COLLATE utf8_bin DEFAULT NULL,
  PRIMARY KEY (`ID_`),
  KEY `ACT_IDX_HI_DETAIL_PROC_INST` (`PROC_INST_ID_`),
  KEY `ACT_IDX_HI_DETAIL_ACT_INST` (`ACT_INST_ID_`),
  KEY `ACT_IDX_HI_DETAIL_TIME` (`TIME_`),
  KEY `ACT_IDX_HI_DETAIL_NAME` (`NAME_`),
  KEY `ACT_IDX_HI_DETAIL_TASK_ID` (`TASK_ID_`)
) ENGINE=InnoDB DEFAULT CHARSET=utf8 COLLATE=utf8_bin;

/*Data for the table `act_hi_detail` */

/*Table structure for table `act_hi_procinst` */

DROP TABLE IF EXISTS `act_hi_procinst`;

CREATE TABLE `act_hi_procinst` (
  `ID_` varchar(64) COLLATE utf8_bin NOT NULL,
  `PROC_INST_ID_` varchar(64) COLLATE utf8_bin NOT NULL,
  `BUSINESS_KEY_` varchar(255) COLLATE utf8_bin DEFAULT NULL,
  `PROC_DEF_ID_` varchar(64) COLLATE utf8_bin NOT NULL,
  `START_TIME_` datetime NOT NULL,
  `END_TIME_` datetime DEFAULT NULL,
  `DURATION_` bigint(20) DEFAULT NULL,
  `START_USER_ID_` varchar(255) COLLATE utf8_bin DEFAULT NULL,
  `START_ACT_ID_` varchar(255) COLLATE utf8_bin DEFAULT NULL,
  `END_ACT_ID_` varchar(255) COLLATE utf8_bin DEFAULT NULL,
  `SUPER_PROCESS_INSTANCE_ID_` varchar(64) COLLATE utf8_bin DEFAULT NULL,
  `DELETE_REASON_` varchar(4000) COLLATE utf8_bin DEFAULT NULL,
  PRIMARY KEY (`ID_`),
  UNIQUE KEY `PROC_INST_ID_` (`PROC_INST_ID_`),
  UNIQUE KEY `ACT_UNIQ_HI_BUS_KEY` (`PROC_DEF_ID_`,`BUSINESS_KEY_`),
  KEY `ACT_IDX_HI_PRO_INST_END` (`END_TIME_`),
  KEY `ACT_IDX_HI_PRO_I_BUSKEY` (`BUSINESS_KEY_`)
) ENGINE=InnoDB DEFAULT CHARSET=utf8 COLLATE=utf8_bin;

/*Data for the table `act_hi_procinst` */

insert  into `act_hi_procinst`(`ID_`,`PROC_INST_ID_`,`BUSINESS_KEY_`,`PROC_DEF_ID_`,`START_TIME_`,`END_TIME_`,`DURATION_`,`START_USER_ID_`,`START_ACT_ID_`,`END_ACT_ID_`,`SUPER_PROCESS_INSTANCE_ID_`,`DELETE_REASON_`) values ('2401','2401','LeaveBill.621','LeaveBill:3:2204','2015-04-25 19:17:44','2015-04-25 19:20:33',169241,NULL,'startevent1','endevent1',NULL,NULL);
insert  into `act_hi_procinst`(`ID_`,`PROC_INST_ID_`,`BUSINESS_KEY_`,`PROC_DEF_ID_`,`START_TIME_`,`END_TIME_`,`DURATION_`,`START_USER_ID_`,`START_ACT_ID_`,`END_ACT_ID_`,`SUPER_PROCESS_INSTANCE_ID_`,`DELETE_REASON_`) values ('2416','2416','LeaveBill.622','LeaveBill:3:2204','2015-04-25 19:29:10',NULL,NULL,NULL,'startevent1',NULL,NULL,NULL);
insert  into `act_hi_procinst`(`ID_`,`PROC_INST_ID_`,`BUSINESS_KEY_`,`PROC_DEF_ID_`,`START_TIME_`,`END_TIME_`,`DURATION_`,`START_USER_ID_`,`START_ACT_ID_`,`END_ACT_ID_`,`SUPER_PROCESS_INSTANCE_ID_`,`DELETE_REASON_`) values ('2501','2501','LeaveBill.624','LeaveBill:3:2204','2015-05-03 17:06:02',NULL,NULL,NULL,'startevent1',NULL,NULL,NULL);
insert  into `act_hi_procinst`(`ID_`,`PROC_INST_ID_`,`BUSINESS_KEY_`,`PROC_DEF_ID_`,`START_TIME_`,`END_TIME_`,`DURATION_`,`START_USER_ID_`,`START_ACT_ID_`,`END_ACT_ID_`,`SUPER_PROCESS_INSTANCE_ID_`,`DELETE_REASON_`) values ('2601','2601','LeaveBill.625','LeaveBill:3:2204','2015-05-03 22:33:23','2015-05-03 22:34:35',72816,NULL,'startevent1','endevent1',NULL,NULL);
insert  into `act_hi_procinst`(`ID_`,`PROC_INST_ID_`,`BUSINESS_KEY_`,`PROC_DEF_ID_`,`START_TIME_`,`END_TIME_`,`DURATION_`,`START_USER_ID_`,`START_ACT_ID_`,`END_ACT_ID_`,`SUPER_PROCESS_INSTANCE_ID_`,`DELETE_REASON_`) values ('2616','2616','LeaveBill.626','LeaveBill:3:2204','2015-05-03 22:54:41','2015-05-03 22:56:37',116287,NULL,'startevent1','endevent1',NULL,NULL);

/*Table structure for table `act_hi_taskinst` */

DROP TABLE IF EXISTS `act_hi_taskinst`;

CREATE TABLE `act_hi_taskinst` (
  `ID_` varchar(64) COLLATE utf8_bin NOT NULL,
  `PROC_DEF_ID_` varchar(64) COLLATE utf8_bin DEFAULT NULL,
  `TASK_DEF_KEY_` varchar(255) COLLATE utf8_bin DEFAULT NULL,
  `PROC_INST_ID_` varchar(64) COLLATE utf8_bin DEFAULT NULL,
  `EXECUTION_ID_` varchar(64) COLLATE utf8_bin DEFAULT NULL,
  `NAME_` varchar(255) COLLATE utf8_bin DEFAULT NULL,
  `PARENT_TASK_ID_` varchar(64) COLLATE utf8_bin DEFAULT NULL,
  `DESCRIPTION_` varchar(4000) COLLATE utf8_bin DEFAULT NULL,
  `OWNER_` varchar(255) COLLATE utf8_bin DEFAULT NULL,
  `ASSIGNEE_` varchar(255) COLLATE utf8_bin DEFAULT NULL,
  `START_TIME_` datetime NOT NULL,
  `CLAIM_TIME_` datetime DEFAULT NULL,
  `END_TIME_` datetime DEFAULT NULL,
  `DURATION_` bigint(20) DEFAULT NULL,
  `DELETE_REASON_` varchar(4000) COLLATE utf8_bin DEFAULT NULL,
  `PRIORITY_` int(11) DEFAULT NULL,
  `DUE_DATE_` datetime DEFAULT NULL,
  `FORM_KEY_` varchar(255) COLLATE utf8_bin DEFAULT NULL,
  PRIMARY KEY (`ID_`)
) ENGINE=InnoDB DEFAULT CHARSET=utf8 COLLATE=utf8_bin;

/*Data for the table `act_hi_taskinst` */

insert  into `act_hi_taskinst`(`ID_`,`PROC_DEF_ID_`,`TASK_DEF_KEY_`,`PROC_INST_ID_`,`EXECUTION_ID_`,`NAME_`,`PARENT_TASK_ID_`,`DESCRIPTION_`,`OWNER_`,`ASSIGNEE_`,`START_TIME_`,`CLAIM_TIME_`,`END_TIME_`,`DURATION_`,`DELETE_REASON_`,`PRIORITY_`,`DUE_DATE_`,`FORM_KEY_`) values ('2405','LeaveBill:3:2204','usertask1','2401','2401','提交申请',NULL,NULL,NULL,'user1','2015-04-25 19:17:44',NULL,'2015-04-25 19:17:44',294,'completed',50,NULL,'workflowAction_audit.action');
insert  into `act_hi_taskinst`(`ID_`,`PROC_DEF_ID_`,`TASK_DEF_KEY_`,`PROC_INST_ID_`,`EXECUTION_ID_`,`NAME_`,`PARENT_TASK_ID_`,`DESCRIPTION_`,`OWNER_`,`ASSIGNEE_`,`START_TIME_`,`CLAIM_TIME_`,`END_TIME_`,`DURATION_`,`DELETE_REASON_`,`PRIORITY_`,`DUE_DATE_`,`FORM_KEY_`) values ('2408','LeaveBill:3:2204','usertask2','2401','2401','审批【部门经理】',NULL,NULL,NULL,'test1','2015-04-25 19:17:44',NULL,'2015-04-25 19:20:01',137350,'completed',50,NULL,'workflowAction_audit.action');
insert  into `act_hi_taskinst`(`ID_`,`PROC_DEF_ID_`,`TASK_DEF_KEY_`,`PROC_INST_ID_`,`EXECUTION_ID_`,`NAME_`,`PARENT_TASK_ID_`,`DESCRIPTION_`,`OWNER_`,`ASSIGNEE_`,`START_TIME_`,`CLAIM_TIME_`,`END_TIME_`,`DURATION_`,`DELETE_REASON_`,`PRIORITY_`,`DUE_DATE_`,`FORM_KEY_`) values ('2412','LeaveBill:3:2204','usertask3','2401','2401','再审批【总经理】',NULL,NULL,NULL,'admin','2015-04-25 19:20:01',NULL,'2015-04-25 19:20:33',32233,'completed',50,NULL,'workflowAction_audit.action');
insert  into `act_hi_taskinst`(`ID_`,`PROC_DEF_ID_`,`TASK_DEF_KEY_`,`PROC_INST_ID_`,`EXECUTION_ID_`,`NAME_`,`PARENT_TASK_ID_`,`DESCRIPTION_`,`OWNER_`,`ASSIGNEE_`,`START_TIME_`,`CLAIM_TIME_`,`END_TIME_`,`DURATION_`,`DELETE_REASON_`,`PRIORITY_`,`DUE_DATE_`,`FORM_KEY_`) values ('2420','LeaveBill:3:2204','usertask1','2416','2416','提交申请',NULL,NULL,NULL,'user1','2015-04-25 19:29:10',NULL,'2015-04-25 19:29:10',883,'completed',50,NULL,'workflowAction_audit.action');
insert  into `act_hi_taskinst`(`ID_`,`PROC_DEF_ID_`,`TASK_DEF_KEY_`,`PROC_INST_ID_`,`EXECUTION_ID_`,`NAME_`,`PARENT_TASK_ID_`,`DESCRIPTION_`,`OWNER_`,`ASSIGNEE_`,`START_TIME_`,`CLAIM_TIME_`,`END_TIME_`,`DURATION_`,`DELETE_REASON_`,`PRIORITY_`,`DUE_DATE_`,`FORM_KEY_`) values ('2423','LeaveBill:3:2204','usertask2','2416','2416','审批【部门经理】',NULL,NULL,NULL,'test1','2015-04-25 19:29:10',NULL,NULL,NULL,NULL,50,NULL,'workflowAction_audit.action');
insert  into `act_hi_taskinst`(`ID_`,`PROC_DEF_ID_`,`TASK_DEF_KEY_`,`PROC_INST_ID_`,`EXECUTION_ID_`,`NAME_`,`PARENT_TASK_ID_`,`DESCRIPTION_`,`OWNER_`,`ASSIGNEE_`,`START_TIME_`,`CLAIM_TIME_`,`END_TIME_`,`DURATION_`,`DELETE_REASON_`,`PRIORITY_`,`DUE_DATE_`,`FORM_KEY_`) values ('2505','LeaveBill:3:2204','usertask1','2501','2501','提交申请',NULL,NULL,NULL,'user1','2015-05-03 17:06:02',NULL,'2015-05-03 17:06:03',1134,'completed',50,NULL,'workflowAction_audit.action');
insert  into `act_hi_taskinst`(`ID_`,`PROC_DEF_ID_`,`TASK_DEF_KEY_`,`PROC_INST_ID_`,`EXECUTION_ID_`,`NAME_`,`PARENT_TASK_ID_`,`DESCRIPTION_`,`OWNER_`,`ASSIGNEE_`,`START_TIME_`,`CLAIM_TIME_`,`END_TIME_`,`DURATION_`,`DELETE_REASON_`,`PRIORITY_`,`DUE_DATE_`,`FORM_KEY_`) values ('2508','LeaveBill:3:2204','usertask2','2501','2501','审批【部门经理】',NULL,NULL,NULL,'test1','2015-05-03 17:06:03',NULL,'2015-05-03 17:07:05',62286,'completed',50,NULL,'workflowAction_audit.action');
insert  into `act_hi_taskinst`(`ID_`,`PROC_DEF_ID_`,`TASK_DEF_KEY_`,`PROC_INST_ID_`,`EXECUTION_ID_`,`NAME_`,`PARENT_TASK_ID_`,`DESCRIPTION_`,`OWNER_`,`ASSIGNEE_`,`START_TIME_`,`CLAIM_TIME_`,`END_TIME_`,`DURATION_`,`DELETE_REASON_`,`PRIORITY_`,`DUE_DATE_`,`FORM_KEY_`) values ('2512','LeaveBill:3:2204','usertask3','2501','2501','再审批【总经理】',NULL,NULL,NULL,'admin','2015-05-03 17:07:05',NULL,NULL,NULL,NULL,50,NULL,'workflowAction_audit.action');
insert  into `act_hi_taskinst`(`ID_`,`PROC_DEF_ID_`,`TASK_DEF_KEY_`,`PROC_INST_ID_`,`EXECUTION_ID_`,`NAME_`,`PARENT_TASK_ID_`,`DESCRIPTION_`,`OWNER_`,`ASSIGNEE_`,`START_TIME_`,`CLAIM_TIME_`,`END_TIME_`,`DURATION_`,`DELETE_REASON_`,`PRIORITY_`,`DUE_DATE_`,`FORM_KEY_`) values ('2605','LeaveBill:3:2204','usertask1','2601','2601','提交申请',NULL,NULL,NULL,'user1','2015-05-03 22:33:23',NULL,'2015-05-03 22:33:23',738,'completed',50,NULL,'workflowAction_audit.action');
insert  into `act_hi_taskinst`(`ID_`,`PROC_DEF_ID_`,`TASK_DEF_KEY_`,`PROC_INST_ID_`,`EXECUTION_ID_`,`NAME_`,`PARENT_TASK_ID_`,`DESCRIPTION_`,`OWNER_`,`ASSIGNEE_`,`START_TIME_`,`CLAIM_TIME_`,`END_TIME_`,`DURATION_`,`DELETE_REASON_`,`PRIORITY_`,`DUE_DATE_`,`FORM_KEY_`) values ('2608','LeaveBill:3:2204','usertask2','2601','2601','审批【部门经理】',NULL,NULL,NULL,'test1','2015-05-03 22:33:23',NULL,'2015-05-03 22:34:06',43519,'completed',50,NULL,'workflowAction_audit.action');
insert  into `act_hi_taskinst`(`ID_`,`PROC_DEF_ID_`,`TASK_DEF_KEY_`,`PROC_INST_ID_`,`EXECUTION_ID_`,`NAME_`,`PARENT_TASK_ID_`,`DESCRIPTION_`,`OWNER_`,`ASSIGNEE_`,`START_TIME_`,`CLAIM_TIME_`,`END_TIME_`,`DURATION_`,`DELETE_REASON_`,`PRIORITY_`,`DUE_DATE_`,`FORM_KEY_`) values ('2612','LeaveBill:3:2204','usertask3','2601','2601','再审批【总经理】',NULL,NULL,NULL,'admin','2015-05-03 22:34:06',NULL,'2015-05-03 22:34:35',29810,'completed',50,NULL,'workflowAction_audit.action');
insert  into `act_hi_taskinst`(`ID_`,`PROC_DEF_ID_`,`TASK_DEF_KEY_`,`PROC_INST_ID_`,`EXECUTION_ID_`,`NAME_`,`PARENT_TASK_ID_`,`DESCRIPTION_`,`OWNER_`,`ASSIGNEE_`,`START_TIME_`,`CLAIM_TIME_`,`END_TIME_`,`DURATION_`,`DELETE_REASON_`,`PRIORITY_`,`DUE_DATE_`,`FORM_KEY_`) values ('2620','LeaveBill:3:2204','usertask1','2616','2616','提交申请',NULL,NULL,NULL,'user1','2015-05-03 22:54:41',NULL,'2015-05-03 22:54:41',628,'completed',50,NULL,'workflowAction_audit.action');
insert  into `act_hi_taskinst`(`ID_`,`PROC_DEF_ID_`,`TASK_DEF_KEY_`,`PROC_INST_ID_`,`EXECUTION_ID_`,`NAME_`,`PARENT_TASK_ID_`,`DESCRIPTION_`,`OWNER_`,`ASSIGNEE_`,`START_TIME_`,`CLAIM_TIME_`,`END_TIME_`,`DURATION_`,`DELETE_REASON_`,`PRIORITY_`,`DUE_DATE_`,`FORM_KEY_`) values ('2623','LeaveBill:3:2204','usertask2','2616','2616','审批【部门经理】',NULL,NULL,NULL,'test1','2015-05-03 22:54:41',NULL,'2015-05-03 22:55:59',78465,'completed',50,NULL,'workflowAction_audit.action');
insert  into `act_hi_taskinst`(`ID_`,`PROC_DEF_ID_`,`TASK_DEF_KEY_`,`PROC_INST_ID_`,`EXECUTION_ID_`,`NAME_`,`PARENT_TASK_ID_`,`DESCRIPTION_`,`OWNER_`,`ASSIGNEE_`,`START_TIME_`,`CLAIM_TIME_`,`END_TIME_`,`DURATION_`,`DELETE_REASON_`,`PRIORITY_`,`DUE_DATE_`,`FORM_KEY_`) values ('2627','LeaveBill:3:2204','usertask3','2616','2616','再审批【总经理】',NULL,NULL,NULL,'admin','2015-05-03 22:55:59',NULL,'2015-05-03 22:56:37',38274,'completed',50,NULL,'workflowAction_audit.action');

/*Table structure for table `act_hi_varinst` */

DROP TABLE IF EXISTS `act_hi_varinst`;

CREATE TABLE `act_hi_varinst` (
  `ID_` varchar(64) COLLATE utf8_bin NOT NULL,
  `PROC_INST_ID_` varchar(64) COLLATE utf8_bin DEFAULT NULL,
  `EXECUTION_ID_` varchar(64) COLLATE utf8_bin DEFAULT NULL,
  `TASK_ID_` varchar(64) COLLATE utf8_bin DEFAULT NULL,
  `NAME_` varchar(255) COLLATE utf8_bin NOT NULL,
  `VAR_TYPE_` varchar(100) COLLATE utf8_bin DEFAULT NULL,
  `REV_` int(11) DEFAULT NULL,
  `BYTEARRAY_ID_` varchar(64) COLLATE utf8_bin DEFAULT NULL,
  `DOUBLE_` double DEFAULT NULL,
  `LONG_` bigint(20) DEFAULT NULL,
  `TEXT_` varchar(4000) COLLATE utf8_bin DEFAULT NULL,
  `TEXT2_` varchar(4000) COLLATE utf8_bin DEFAULT NULL,
  PRIMARY KEY (`ID_`),
  KEY `ACT_IDX_HI_PROCVAR_PROC_INST` (`PROC_INST_ID_`),
  KEY `ACT_IDX_HI_PROCVAR_NAME_TYPE` (`NAME_`,`VAR_TYPE_`)
) ENGINE=InnoDB DEFAULT CHARSET=utf8 COLLATE=utf8_bin;

/*Data for the table `act_hi_varinst` */

insert  into `act_hi_varinst`(`ID_`,`PROC_INST_ID_`,`EXECUTION_ID_`,`TASK_ID_`,`NAME_`,`VAR_TYPE_`,`REV_`,`BYTEARRAY_ID_`,`DOUBLE_`,`LONG_`,`TEXT_`,`TEXT2_`) values ('2403','2401','2401',NULL,'userId','string',0,NULL,NULL,NULL,'user1',NULL);
insert  into `act_hi_varinst`(`ID_`,`PROC_INST_ID_`,`EXECUTION_ID_`,`TASK_ID_`,`NAME_`,`VAR_TYPE_`,`REV_`,`BYTEARRAY_ID_`,`DOUBLE_`,`LONG_`,`TEXT_`,`TEXT2_`) values ('2418','2416','2416',NULL,'userId','string',0,NULL,NULL,NULL,'user1',NULL);
insert  into `act_hi_varinst`(`ID_`,`PROC_INST_ID_`,`EXECUTION_ID_`,`TASK_ID_`,`NAME_`,`VAR_TYPE_`,`REV_`,`BYTEARRAY_ID_`,`DOUBLE_`,`LONG_`,`TEXT_`,`TEXT2_`) values ('2503','2501','2501',NULL,'userId','string',0,NULL,NULL,NULL,'user1',NULL);
insert  into `act_hi_varinst`(`ID_`,`PROC_INST_ID_`,`EXECUTION_ID_`,`TASK_ID_`,`NAME_`,`VAR_TYPE_`,`REV_`,`BYTEARRAY_ID_`,`DOUBLE_`,`LONG_`,`TEXT_`,`TEXT2_`) values ('2603','2601','2601',NULL,'userId','string',0,NULL,NULL,NULL,'user1',NULL);
insert  into `act_hi_varinst`(`ID_`,`PROC_INST_ID_`,`EXECUTION_ID_`,`TASK_ID_`,`NAME_`,`VAR_TYPE_`,`REV_`,`BYTEARRAY_ID_`,`DOUBLE_`,`LONG_`,`TEXT_`,`TEXT2_`) values ('2618','2616','2616',NULL,'userId','string',0,NULL,NULL,NULL,'user1',NULL);

/*Table structure for table `act_id_group` */

DROP TABLE IF EXISTS `act_id_group`;

CREATE TABLE `act_id_group` (
  `ID_` varchar(64) COLLATE utf8_bin NOT NULL DEFAULT '',
  `REV_` int(11) DEFAULT NULL,
  `NAME_` varchar(255) COLLATE utf8_bin DEFAULT NULL,
  `TYPE_` varchar(255) COLLATE utf8_bin DEFAULT NULL,
  PRIMARY KEY (`ID_`)
) ENGINE=InnoDB DEFAULT CHARSET=utf8 COLLATE=utf8_bin;

/*Data for the table `act_id_group` */

/*Table structure for table `act_id_info` */

DROP TABLE IF EXISTS `act_id_info`;

CREATE TABLE `act_id_info` (
  `ID_` varchar(64) COLLATE utf8_bin NOT NULL DEFAULT '',
  `REV_` int(11) DEFAULT NULL,
  `USER_ID_` varchar(64) COLLATE utf8_bin DEFAULT NULL,
  `TYPE_` varchar(64) COLLATE utf8_bin DEFAULT NULL,
  `KEY_` varchar(255) COLLATE utf8_bin DEFAULT NULL,
  `VALUE_` varchar(255) COLLATE utf8_bin DEFAULT NULL,
  `PASSWORD_` longblob,
  `PARENT_ID_` varchar(255) COLLATE utf8_bin DEFAULT NULL,
  PRIMARY KEY (`ID_`)
) ENGINE=InnoDB DEFAULT CHARSET=utf8 COLLATE=utf8_bin;

/*Data for the table `act_id_info` */

/*Table structure for table `act_id_membership` */

DROP TABLE IF EXISTS `act_id_membership`;

CREATE TABLE `act_id_membership` (
  `USER_ID_` varchar(64) COLLATE utf8_bin NOT NULL DEFAULT '',
  `GROUP_ID_` varchar(64) COLLATE utf8_bin NOT NULL DEFAULT '',
  PRIMARY KEY (`USER_ID_`,`GROUP_ID_`),
  KEY `ACT_FK_MEMB_GROUP` (`GROUP_ID_`),
  CONSTRAINT `ACT_FK_MEMB_GROUP` FOREIGN KEY (`GROUP_ID_`) REFERENCES `act_id_group` (`ID_`),
  CONSTRAINT `ACT_FK_MEMB_USER` FOREIGN KEY (`USER_ID_`) REFERENCES `act_id_user` (`ID_`)
) ENGINE=InnoDB DEFAULT CHARSET=utf8 COLLATE=utf8_bin;

/*Data for the table `act_id_membership` */

/*Table structure for table `act_id_user` */

DROP TABLE IF EXISTS `act_id_user`;

CREATE TABLE `act_id_user` (
  `ID_` varchar(64) COLLATE utf8_bin NOT NULL DEFAULT '',
  `REV_` int(11) DEFAULT NULL,
  `FIRST_` varchar(255) COLLATE utf8_bin DEFAULT NULL,
  `LAST_` varchar(255) COLLATE utf8_bin DEFAULT NULL,
  `EMAIL_` varchar(255) COLLATE utf8_bin DEFAULT NULL,
  `PWD_` varchar(255) COLLATE utf8_bin DEFAULT NULL,
  `PICTURE_ID_` varchar(64) COLLATE utf8_bin DEFAULT NULL,
  PRIMARY KEY (`ID_`)
) ENGINE=InnoDB DEFAULT CHARSET=utf8 COLLATE=utf8_bin;

/*Data for the table `act_id_user` */

/*Table structure for table `act_re_deployment` */

DROP TABLE IF EXISTS `act_re_deployment`;

CREATE TABLE `act_re_deployment` (
  `ID_` varchar(64) COLLATE utf8_bin NOT NULL DEFAULT '',
  `NAME_` varchar(255) COLLATE utf8_bin DEFAULT NULL,
  `CATEGORY_` varchar(255) COLLATE utf8_bin DEFAULT NULL,
  `DEPLOY_TIME_` timestamp NOT NULL DEFAULT CURRENT_TIMESTAMP ON UPDATE CURRENT_TIMESTAMP,
  PRIMARY KEY (`ID_`)
) ENGINE=InnoDB DEFAULT CHARSET=utf8 COLLATE=utf8_bin;

/*Data for the table `act_re_deployment` */

insert  into `act_re_deployment`(`ID_`,`NAME_`,`CATEGORY_`,`DEPLOY_TIME_`) values ('1',NULL,NULL,'2015-03-26 23:37:54');
insert  into `act_re_deployment`(`ID_`,`NAME_`,`CATEGORY_`,`DEPLOY_TIME_`) values ('2201',NULL,NULL,'2015-04-25 19:02:37');
insert  into `act_re_deployment`(`ID_`,`NAME_`,`CATEGORY_`,`DEPLOY_TIME_`) values ('501',NULL,NULL,'2015-03-31 01:29:18');

/*Table structure for table `act_re_model` */

DROP TABLE IF EXISTS `act_re_model`;

CREATE TABLE `act_re_model` (
  `ID_` varchar(64) COLLATE utf8_bin NOT NULL,
  `REV_` int(11) DEFAULT NULL,
  `NAME_` varchar(255) COLLATE utf8_bin DEFAULT NULL,
  `KEY_` varchar(255) COLLATE utf8_bin DEFAULT NULL,
  `CATEGORY_` varchar(255) COLLATE utf8_bin DEFAULT NULL,
  `CREATE_TIME_` timestamp NULL DEFAULT NULL,
  `LAST_UPDATE_TIME_` timestamp NULL DEFAULT NULL,
  `VERSION_` int(11) DEFAULT NULL,
  `META_INFO_` varchar(4000) COLLATE utf8_bin DEFAULT NULL,
  `DEPLOYMENT_ID_` varchar(64) COLLATE utf8_bin DEFAULT NULL,
  `EDITOR_SOURCE_VALUE_ID_` varchar(64) COLLATE utf8_bin DEFAULT NULL,
  `EDITOR_SOURCE_EXTRA_VALUE_ID_` varchar(64) COLLATE utf8_bin DEFAULT NULL,
  PRIMARY KEY (`ID_`),
  KEY `ACT_FK_MODEL_SOURCE` (`EDITOR_SOURCE_VALUE_ID_`),
  KEY `ACT_FK_MODEL_SOURCE_EXTRA` (`EDITOR_SOURCE_EXTRA_VALUE_ID_`),
  KEY `ACT_FK_MODEL_DEPLOYMENT` (`DEPLOYMENT_ID_`),
  CONSTRAINT `ACT_FK_MODEL_DEPLOYMENT` FOREIGN KEY (`DEPLOYMENT_ID_`) REFERENCES `act_re_deployment` (`ID_`),
  CONSTRAINT `ACT_FK_MODEL_SOURCE` FOREIGN KEY (`EDITOR_SOURCE_VALUE_ID_`) REFERENCES `act_ge_bytearray` (`ID_`),
  CONSTRAINT `ACT_FK_MODEL_SOURCE_EXTRA` FOREIGN KEY (`EDITOR_SOURCE_EXTRA_VALUE_ID_`) REFERENCES `act_ge_bytearray` (`ID_`)
) ENGINE=InnoDB DEFAULT CHARSET=utf8 COLLATE=utf8_bin;

/*Data for the table `act_re_model` */

/*Table structure for table `act_re_procdef` */

DROP TABLE IF EXISTS `act_re_procdef`;

CREATE TABLE `act_re_procdef` (
  `ID_` varchar(64) COLLATE utf8_bin NOT NULL,
  `REV_` int(11) DEFAULT NULL,
  `CATEGORY_` varchar(255) COLLATE utf8_bin DEFAULT NULL,
  `NAME_` varchar(255) COLLATE utf8_bin DEFAULT NULL,
  `KEY_` varchar(255) COLLATE utf8_bin NOT NULL,
  `VERSION_` int(11) NOT NULL,
  `DEPLOYMENT_ID_` varchar(64) COLLATE utf8_bin DEFAULT NULL,
  `RESOURCE_NAME_` varchar(4000) COLLATE utf8_bin DEFAULT NULL,
  `DGRM_RESOURCE_NAME_` varchar(4000) COLLATE utf8_bin DEFAULT NULL,
  `DESCRIPTION_` varchar(4000) COLLATE utf8_bin DEFAULT NULL,
  `HAS_START_FORM_KEY_` tinyint(4) DEFAULT NULL,
  `SUSPENSION_STATE_` int(11) DEFAULT NULL,
  PRIMARY KEY (`ID_`),
  UNIQUE KEY `ACT_UNIQ_PROCDEF` (`KEY_`,`VERSION_`)
) ENGINE=InnoDB DEFAULT CHARSET=utf8 COLLATE=utf8_bin;

/*Data for the table `act_re_procdef` */

insert  into `act_re_procdef`(`ID_`,`REV_`,`CATEGORY_`,`NAME_`,`KEY_`,`VERSION_`,`DEPLOYMENT_ID_`,`RESOURCE_NAME_`,`DGRM_RESOURCE_NAME_`,`DESCRIPTION_`,`HAS_START_FORM_KEY_`,`SUSPENSION_STATE_`) values ('LeaveBill:1:4',1,'http://www.activiti.org/test','LeaveBillprocess','LeaveBill',1,'1','LeaveBill.bpmn','LeaveBill.png',NULL,0,1);
insert  into `act_re_procdef`(`ID_`,`REV_`,`CATEGORY_`,`NAME_`,`KEY_`,`VERSION_`,`DEPLOYMENT_ID_`,`RESOURCE_NAME_`,`DGRM_RESOURCE_NAME_`,`DESCRIPTION_`,`HAS_START_FORM_KEY_`,`SUSPENSION_STATE_`) values ('LeaveBill:2:504',1,'http://www.activiti.org/test','LeaveBillprocess','LeaveBill',2,'501','LeaveBill.bpmn','LeaveBill.png',NULL,0,1);
insert  into `act_re_procdef`(`ID_`,`REV_`,`CATEGORY_`,`NAME_`,`KEY_`,`VERSION_`,`DEPLOYMENT_ID_`,`RESOURCE_NAME_`,`DGRM_RESOURCE_NAME_`,`DESCRIPTION_`,`HAS_START_FORM_KEY_`,`SUSPENSION_STATE_`) values ('LeaveBill:3:2204',1,'http://www.activiti.org/test','LeaveBillprocess','LeaveBill',3,'2201','LeaveBill.bpmn','LeaveBill.png',NULL,0,1);

/*Table structure for table `act_ru_event_subscr` */

DROP TABLE IF EXISTS `act_ru_event_subscr`;

CREATE TABLE `act_ru_event_subscr` (
  `ID_` varchar(64) COLLATE utf8_bin NOT NULL,
  `REV_` int(11) DEFAULT NULL,
  `EVENT_TYPE_` varchar(255) COLLATE utf8_bin NOT NULL,
  `EVENT_NAME_` varchar(255) COLLATE utf8_bin DEFAULT NULL,
  `EXECUTION_ID_` varchar(64) COLLATE utf8_bin DEFAULT NULL,
  `PROC_INST_ID_` varchar(64) COLLATE utf8_bin DEFAULT NULL,
  `ACTIVITY_ID_` varchar(64) COLLATE utf8_bin DEFAULT NULL,
  `CONFIGURATION_` varchar(255) COLLATE utf8_bin DEFAULT NULL,
  `CREATED_` timestamp NOT NULL DEFAULT CURRENT_TIMESTAMP ON UPDATE CURRENT_TIMESTAMP,
  PRIMARY KEY (`ID_`),
  KEY `ACT_IDX_EVENT_SUBSCR_CONFIG_` (`CONFIGURATION_`),
  KEY `ACT_FK_EVENT_EXEC` (`EXECUTION_ID_`),
  CONSTRAINT `ACT_FK_EVENT_EXEC` FOREIGN KEY (`EXECUTION_ID_`) REFERENCES `act_ru_execution` (`ID_`)
) ENGINE=InnoDB DEFAULT CHARSET=utf8 COLLATE=utf8_bin;

/*Data for the table `act_ru_event_subscr` */

/*Table structure for table `act_ru_execution` */

DROP TABLE IF EXISTS `act_ru_execution`;

CREATE TABLE `act_ru_execution` (
  `ID_` varchar(64) COLLATE utf8_bin NOT NULL DEFAULT '',
  `REV_` int(11) DEFAULT NULL,
  `PROC_INST_ID_` varchar(64) COLLATE utf8_bin DEFAULT NULL,
  `BUSINESS_KEY_` varchar(255) COLLATE utf8_bin DEFAULT NULL,
  `PARENT_ID_` varchar(64) COLLATE utf8_bin DEFAULT NULL,
  `PROC_DEF_ID_` varchar(64) COLLATE utf8_bin DEFAULT NULL,
  `SUPER_EXEC_` varchar(64) COLLATE utf8_bin DEFAULT NULL,
  `ACT_ID_` varchar(255) COLLATE utf8_bin DEFAULT NULL,
  `IS_ACTIVE_` tinyint(4) DEFAULT NULL,
  `IS_CONCURRENT_` tinyint(4) DEFAULT NULL,
  `IS_SCOPE_` tinyint(4) DEFAULT NULL,
  `IS_EVENT_SCOPE_` tinyint(4) DEFAULT NULL,
  `SUSPENSION_STATE_` int(11) DEFAULT NULL,
  `CACHED_ENT_STATE_` int(11) DEFAULT NULL,
  PRIMARY KEY (`ID_`),
  UNIQUE KEY `ACT_UNIQ_RU_BUS_KEY` (`PROC_DEF_ID_`,`BUSINESS_KEY_`),
  KEY `ACT_IDX_EXEC_BUSKEY` (`BUSINESS_KEY_`),
  KEY `ACT_FK_EXE_PROCINST` (`PROC_INST_ID_`),
  KEY `ACT_FK_EXE_PARENT` (`PARENT_ID_`),
  KEY `ACT_FK_EXE_SUPER` (`SUPER_EXEC_`),
  CONSTRAINT `ACT_FK_EXE_PARENT` FOREIGN KEY (`PARENT_ID_`) REFERENCES `act_ru_execution` (`ID_`),
  CONSTRAINT `ACT_FK_EXE_PROCDEF` FOREIGN KEY (`PROC_DEF_ID_`) REFERENCES `act_re_procdef` (`ID_`),
  CONSTRAINT `ACT_FK_EXE_PROCINST` FOREIGN KEY (`PROC_INST_ID_`) REFERENCES `act_ru_execution` (`ID_`) ON DELETE CASCADE ON UPDATE CASCADE,
  CONSTRAINT `ACT_FK_EXE_SUPER` FOREIGN KEY (`SUPER_EXEC_`) REFERENCES `act_ru_execution` (`ID_`)
) ENGINE=InnoDB DEFAULT CHARSET=utf8 COLLATE=utf8_bin;

/*Data for the table `act_ru_execution` */

insert  into `act_ru_execution`(`ID_`,`REV_`,`PROC_INST_ID_`,`BUSINESS_KEY_`,`PARENT_ID_`,`PROC_DEF_ID_`,`SUPER_EXEC_`,`ACT_ID_`,`IS_ACTIVE_`,`IS_CONCURRENT_`,`IS_SCOPE_`,`IS_EVENT_SCOPE_`,`SUSPENSION_STATE_`,`CACHED_ENT_STATE_`) values ('2416',2,'2416','LeaveBill.622',NULL,'LeaveBill:3:2204',NULL,'usertask2',1,0,1,0,1,2);
insert  into `act_ru_execution`(`ID_`,`REV_`,`PROC_INST_ID_`,`BUSINESS_KEY_`,`PARENT_ID_`,`PROC_DEF_ID_`,`SUPER_EXEC_`,`ACT_ID_`,`IS_ACTIVE_`,`IS_CONCURRENT_`,`IS_SCOPE_`,`IS_EVENT_SCOPE_`,`SUSPENSION_STATE_`,`CACHED_ENT_STATE_`) values ('2501',3,'2501','LeaveBill.624',NULL,'LeaveBill:3:2204',NULL,'usertask3',1,0,1,0,1,2);

/*Table structure for table `act_ru_identitylink` */

DROP TABLE IF EXISTS `act_ru_identitylink`;

CREATE TABLE `act_ru_identitylink` (
  `ID_` varchar(64) COLLATE utf8_bin NOT NULL DEFAULT '',
  `REV_` int(11) DEFAULT NULL,
  `GROUP_ID_` varchar(255) COLLATE utf8_bin DEFAULT NULL,
  `TYPE_` varchar(255) COLLATE utf8_bin DEFAULT NULL,
  `USER_ID_` varchar(255) COLLATE utf8_bin DEFAULT NULL,
  `TASK_ID_` varchar(64) COLLATE utf8_bin DEFAULT NULL,
  `PROC_INST_ID_` varchar(64) COLLATE utf8_bin DEFAULT NULL,
  `PROC_DEF_ID_` varchar(64) COLLATE utf8_bin DEFAULT NULL,
  PRIMARY KEY (`ID_`),
  KEY `ACT_IDX_IDENT_LNK_USER` (`USER_ID_`),
  KEY `ACT_IDX_IDENT_LNK_GROUP` (`GROUP_ID_`),
  KEY `ACT_IDX_ATHRZ_PROCEDEF` (`PROC_DEF_ID_`),
  KEY `ACT_FK_TSKASS_TASK` (`TASK_ID_`),
  KEY `ACT_FK_IDL_PROCINST` (`PROC_INST_ID_`),
  CONSTRAINT `ACT_FK_ATHRZ_PROCEDEF` FOREIGN KEY (`PROC_DEF_ID_`) REFERENCES `act_re_procdef` (`ID_`),
  CONSTRAINT `ACT_FK_IDL_PROCINST` FOREIGN KEY (`PROC_INST_ID_`) REFERENCES `act_ru_execution` (`ID_`),
  CONSTRAINT `ACT_FK_TSKASS_TASK` FOREIGN KEY (`TASK_ID_`) REFERENCES `act_ru_task` (`ID_`)
) ENGINE=InnoDB DEFAULT CHARSET=utf8 COLLATE=utf8_bin;

/*Data for the table `act_ru_identitylink` */

insert  into `act_ru_identitylink`(`ID_`,`REV_`,`GROUP_ID_`,`TYPE_`,`USER_ID_`,`TASK_ID_`,`PROC_INST_ID_`,`PROC_DEF_ID_`) values ('2421',1,NULL,'participant','user1',NULL,'2416',NULL);
insert  into `act_ru_identitylink`(`ID_`,`REV_`,`GROUP_ID_`,`TYPE_`,`USER_ID_`,`TASK_ID_`,`PROC_INST_ID_`,`PROC_DEF_ID_`) values ('2424',1,NULL,'participant','test1',NULL,'2416',NULL);
insert  into `act_ru_identitylink`(`ID_`,`REV_`,`GROUP_ID_`,`TYPE_`,`USER_ID_`,`TASK_ID_`,`PROC_INST_ID_`,`PROC_DEF_ID_`) values ('2506',1,NULL,'participant','user1',NULL,'2501',NULL);
insert  into `act_ru_identitylink`(`ID_`,`REV_`,`GROUP_ID_`,`TYPE_`,`USER_ID_`,`TASK_ID_`,`PROC_INST_ID_`,`PROC_DEF_ID_`) values ('2509',1,NULL,'participant','test1',NULL,'2501',NULL);
insert  into `act_ru_identitylink`(`ID_`,`REV_`,`GROUP_ID_`,`TYPE_`,`USER_ID_`,`TASK_ID_`,`PROC_INST_ID_`,`PROC_DEF_ID_`) values ('2513',1,NULL,'participant','admin',NULL,'2501',NULL);

/*Table structure for table `act_ru_job` */

DROP TABLE IF EXISTS `act_ru_job`;

CREATE TABLE `act_ru_job` (
  `ID_` varchar(64) COLLATE utf8_bin NOT NULL,
  `REV_` int(11) DEFAULT NULL,
  `TYPE_` varchar(255) COLLATE utf8_bin NOT NULL,
  `LOCK_EXP_TIME_` timestamp NULL DEFAULT NULL,
  `LOCK_OWNER_` varchar(255) COLLATE utf8_bin DEFAULT NULL,
  `EXCLUSIVE_` tinyint(1) DEFAULT NULL,
  `EXECUTION_ID_` varchar(64) COLLATE utf8_bin DEFAULT NULL,
  `PROCESS_INSTANCE_ID_` varchar(64) COLLATE utf8_bin DEFAULT NULL,
  `PROC_DEF_ID_` varchar(64) COLLATE utf8_bin DEFAULT NULL,
  `RETRIES_` int(11) DEFAULT NULL,
  `EXCEPTION_STACK_ID_` varchar(64) COLLATE utf8_bin DEFAULT NULL,
  `EXCEPTION_MSG_` varchar(4000) COLLATE utf8_bin DEFAULT NULL,
  `DUEDATE_` timestamp NULL DEFAULT NULL,
  `REPEAT_` varchar(255) COLLATE utf8_bin DEFAULT NULL,
  `HANDLER_TYPE_` varchar(255) COLLATE utf8_bin DEFAULT NULL,
  `HANDLER_CFG_` varchar(4000) COLLATE utf8_bin DEFAULT NULL,
  PRIMARY KEY (`ID_`),
  KEY `ACT_FK_JOB_EXCEPTION` (`EXCEPTION_STACK_ID_`),
  CONSTRAINT `ACT_FK_JOB_EXCEPTION` FOREIGN KEY (`EXCEPTION_STACK_ID_`) REFERENCES `act_ge_bytearray` (`ID_`)
) ENGINE=InnoDB DEFAULT CHARSET=utf8 COLLATE=utf8_bin;

/*Data for the table `act_ru_job` */

/*Table structure for table `act_ru_task` */

DROP TABLE IF EXISTS `act_ru_task`;

CREATE TABLE `act_ru_task` (
  `ID_` varchar(64) COLLATE utf8_bin NOT NULL DEFAULT '',
  `REV_` int(11) DEFAULT NULL,
  `EXECUTION_ID_` varchar(64) COLLATE utf8_bin DEFAULT NULL,
  `PROC_INST_ID_` varchar(64) COLLATE utf8_bin DEFAULT NULL,
  `PROC_DEF_ID_` varchar(64) COLLATE utf8_bin DEFAULT NULL,
  `NAME_` varchar(255) COLLATE utf8_bin DEFAULT NULL,
  `PARENT_TASK_ID_` varchar(64) COLLATE utf8_bin DEFAULT NULL,
  `DESCRIPTION_` varchar(4000) COLLATE utf8_bin DEFAULT NULL,
  `TASK_DEF_KEY_` varchar(255) COLLATE utf8_bin DEFAULT NULL,
  `OWNER_` varchar(255) COLLATE utf8_bin DEFAULT NULL,
  `ASSIGNEE_` varchar(255) COLLATE utf8_bin DEFAULT NULL,
  `DELEGATION_` varchar(64) COLLATE utf8_bin DEFAULT NULL,
  `PRIORITY_` int(11) DEFAULT NULL,
  `CREATE_TIME_` timestamp NOT NULL DEFAULT CURRENT_TIMESTAMP ON UPDATE CURRENT_TIMESTAMP,
  `DUE_DATE_` datetime DEFAULT NULL,
  `SUSPENSION_STATE_` int(11) DEFAULT NULL,
  PRIMARY KEY (`ID_`),
  KEY `ACT_IDX_TASK_CREATE` (`CREATE_TIME_`),
  KEY `ACT_FK_TASK_EXE` (`EXECUTION_ID_`),
  KEY `ACT_FK_TASK_PROCINST` (`PROC_INST_ID_`),
  KEY `ACT_FK_TASK_PROCDEF` (`PROC_DEF_ID_`),
  CONSTRAINT `ACT_FK_TASK_EXE` FOREIGN KEY (`EXECUTION_ID_`) REFERENCES `act_ru_execution` (`ID_`),
  CONSTRAINT `ACT_FK_TASK_PROCDEF` FOREIGN KEY (`PROC_DEF_ID_`) REFERENCES `act_re_procdef` (`ID_`),
  CONSTRAINT `ACT_FK_TASK_PROCINST` FOREIGN KEY (`PROC_INST_ID_`) REFERENCES `act_ru_execution` (`ID_`)
) ENGINE=InnoDB DEFAULT CHARSET=utf8 COLLATE=utf8_bin;

/*Data for the table `act_ru_task` */

insert  into `act_ru_task`(`ID_`,`REV_`,`EXECUTION_ID_`,`PROC_INST_ID_`,`PROC_DEF_ID_`,`NAME_`,`PARENT_TASK_ID_`,`DESCRIPTION_`,`TASK_DEF_KEY_`,`OWNER_`,`ASSIGNEE_`,`DELEGATION_`,`PRIORITY_`,`CREATE_TIME_`,`DUE_DATE_`,`SUSPENSION_STATE_`) values ('2423',1,'2416','2416','LeaveBill:3:2204','审批【部门经理】',NULL,NULL,'usertask2',NULL,'test1',NULL,50,'2015-04-25 19:29:10',NULL,1);
insert  into `act_ru_task`(`ID_`,`REV_`,`EXECUTION_ID_`,`PROC_INST_ID_`,`PROC_DEF_ID_`,`NAME_`,`PARENT_TASK_ID_`,`DESCRIPTION_`,`TASK_DEF_KEY_`,`OWNER_`,`ASSIGNEE_`,`DELEGATION_`,`PRIORITY_`,`CREATE_TIME_`,`DUE_DATE_`,`SUSPENSION_STATE_`) values ('2512',1,'2501','2501','LeaveBill:3:2204','再审批【总经理】',NULL,NULL,'usertask3',NULL,'admin',NULL,50,'2015-05-03 17:07:05',NULL,1);

/*Table structure for table `act_ru_variable` */

DROP TABLE IF EXISTS `act_ru_variable`;

CREATE TABLE `act_ru_variable` (
  `ID_` varchar(64) COLLATE utf8_bin NOT NULL,
  `REV_` int(11) DEFAULT NULL,
  `TYPE_` varchar(255) COLLATE utf8_bin NOT NULL,
  `NAME_` varchar(255) COLLATE utf8_bin NOT NULL,
  `EXECUTION_ID_` varchar(64) COLLATE utf8_bin DEFAULT NULL,
  `PROC_INST_ID_` varchar(64) COLLATE utf8_bin DEFAULT NULL,
  `TASK_ID_` varchar(64) COLLATE utf8_bin DEFAULT NULL,
  `BYTEARRAY_ID_` varchar(64) COLLATE utf8_bin DEFAULT NULL,
  `DOUBLE_` double DEFAULT NULL,
  `LONG_` bigint(20) DEFAULT NULL,
  `TEXT_` varchar(4000) COLLATE utf8_bin DEFAULT NULL,
  `TEXT2_` varchar(4000) COLLATE utf8_bin DEFAULT NULL,
  PRIMARY KEY (`ID_`),
  KEY `ACT_IDX_VARIABLE_TASK_ID` (`TASK_ID_`),
  KEY `ACT_FK_VAR_EXE` (`EXECUTION_ID_`),
  KEY `ACT_FK_VAR_PROCINST` (`PROC_INST_ID_`),
  KEY `ACT_FK_VAR_BYTEARRAY` (`BYTEARRAY_ID_`),
  CONSTRAINT `ACT_FK_VAR_BYTEARRAY` FOREIGN KEY (`BYTEARRAY_ID_`) REFERENCES `act_ge_bytearray` (`ID_`),
  CONSTRAINT `ACT_FK_VAR_EXE` FOREIGN KEY (`EXECUTION_ID_`) REFERENCES `act_ru_execution` (`ID_`),
  CONSTRAINT `ACT_FK_VAR_PROCINST` FOREIGN KEY (`PROC_INST_ID_`) REFERENCES `act_ru_execution` (`ID_`)
) ENGINE=InnoDB DEFAULT CHARSET=utf8 COLLATE=utf8_bin;

/*Data for the table `act_ru_variable` */

insert  into `act_ru_variable`(`ID_`,`REV_`,`TYPE_`,`NAME_`,`EXECUTION_ID_`,`PROC_INST_ID_`,`TASK_ID_`,`BYTEARRAY_ID_`,`DOUBLE_`,`LONG_`,`TEXT_`,`TEXT2_`) values ('2418',1,'string','userId','2416','2416',NULL,NULL,NULL,NULL,'user1',NULL);
insert  into `act_ru_variable`(`ID_`,`REV_`,`TYPE_`,`NAME_`,`EXECUTION_ID_`,`PROC_INST_ID_`,`TASK_ID_`,`BYTEARRAY_ID_`,`DOUBLE_`,`LONG_`,`TEXT_`,`TEXT2_`) values ('2503',1,'string','userId','2501','2501',NULL,NULL,NULL,NULL,'user1',NULL);

/*Table structure for table `calendar` */

DROP TABLE IF EXISTS `calendar`;

CREATE TABLE `calendar` (
  `ID` int(11) NOT NULL AUTO_INCREMENT,
  `TITLE` varchar(200) COLLATE utf8_bin DEFAULT NULL,
  `START` varchar(50) COLLATE utf8_bin DEFAULT NULL,
  `END` varchar(50) COLLATE utf8_bin DEFAULT NULL,
  `ALLDAY` int(11) DEFAULT NULL,
  `COLOR` varchar(50) COLLATE utf8_bin DEFAULT NULL,
  `userId` bigint(20) DEFAULT NULL,
  PRIMARY KEY (`ID`),
  KEY `FK_9sxd8mfm69gffsjv40uu4qgwo` (`userId`),
  CONSTRAINT `FK_9sxd8mfm69gffsjv40uu4qgwo` FOREIGN KEY (`userId`) REFERENCES `user` (`ID`)
) ENGINE=InnoDB AUTO_INCREMENT=20 DEFAULT CHARSET=utf8 COLLATE=utf8_bin;

/*Data for the table `calendar` */

insert  into `calendar`(`ID`,`TITLE`,`START`,`END`,`ALLDAY`,`COLOR`,`userId`) values (1,'好好','2015-04-03','2015-04-04',1,'#06c',1);
insert  into `calendar`(`ID`,`TITLE`,`START`,`END`,`ALLDAY`,`COLOR`,`userId`) values (3,'啊啊啊啊啊','2015-04-01','',1,'#360',1);
insert  into `calendar`(`ID`,`TITLE`,`START`,`END`,`ALLDAY`,`COLOR`,`userId`) values (4,'nih','2015-03-31','',1,'#360',1);
insert  into `calendar`(`ID`,`TITLE`,`START`,`END`,`ALLDAY`,`COLOR`,`userId`) values (5,'fff','2015-04-22 08:00:00','2015-04-22 12:00:00',0,'#f30',1);
insert  into `calendar`(`ID`,`TITLE`,`START`,`END`,`ALLDAY`,`COLOR`,`userId`) values (6,'aaaa啊啊','2015-04-08','2015-04-10',1,'#360',1);
insert  into `calendar`(`ID`,`TITLE`,`START`,`END`,`ALLDAY`,`COLOR`,`userId`) values (8,'aaaaabbbbb','2015-04-08','',1,'#f30',NULL);
insert  into `calendar`(`ID`,`TITLE`,`START`,`END`,`ALLDAY`,`COLOR`,`userId`) values (9,'aaaaaaaaaaaaaaaaaaa11','2015-04-10','',1,'#06c',NULL);
insert  into `calendar`(`ID`,`TITLE`,`START`,`END`,`ALLDAY`,`COLOR`,`userId`) values (12,'fffffff','2015-04-25 08:30:00','',0,'#360',1);
insert  into `calendar`(`ID`,`TITLE`,`START`,`END`,`ALLDAY`,`COLOR`,`userId`) values (13,'写完项目了','2015-04-25','',1,'#360',19);
insert  into `calendar`(`ID`,`TITLE`,`START`,`END`,`ALLDAY`,`COLOR`,`userId`) values (14,'写论文','2015-04-26','',1,'#f30',19);
insert  into `calendar`(`ID`,`TITLE`,`START`,`END`,`ALLDAY`,`COLOR`,`userId`) values (15,'学习','2015-04-10','',1,'#f30',18);
insert  into `calendar`(`ID`,`TITLE`,`START`,`END`,`ALLDAY`,`COLOR`,`userId`) values (16,'毕业答辩','2015-05-20','',1,'#06c',1);
insert  into `calendar`(`ID`,`TITLE`,`START`,`END`,`ALLDAY`,`COLOR`,`userId`) values (17,'在家写论文，很累','2015-05-01','2015-05-03',1,'#360',1);
insert  into `calendar`(`ID`,`TITLE`,`START`,`END`,`ALLDAY`,`COLOR`,`userId`) values (18,'好好学习,天天学习','2015-04-28','2015-04-29',1,'#06c',1);
insert  into `calendar`(`ID`,`TITLE`,`START`,`END`,`ALLDAY`,`COLOR`,`userId`) values (19,'很累啊','2015-05-06','',1,'#06c',1);

/*Table structure for table `department` */

DROP TABLE IF EXISTS `department`;

CREATE TABLE `department` (
  `ID` bigint(20) NOT NULL AUTO_INCREMENT,
  `NAME` varchar(50) COLLATE utf8_bin DEFAULT NULL,
  `NOTE` varchar(50) COLLATE utf8_bin DEFAULT NULL,
  `MANAGERID` bigint(20) DEFAULT NULL,
  PRIMARY KEY (`ID`),
  KEY `FK_b343xwqpse9ro4gpvfj3rggvp` (`MANAGERID`),
  CONSTRAINT `FK_b343xwqpse9ro4gpvfj3rggvp` FOREIGN KEY (`MANAGERID`) REFERENCES `user` (`ID`)
) ENGINE=InnoDB AUTO_INCREMENT=4 DEFAULT CHARSET=utf8 COLLATE=utf8_bin;

/*Data for the table `department` */

insert  into `department`(`ID`,`NAME`,`NOTE`,`MANAGERID`) values (1,'技术部','负责新技术的研发',13);
insert  into `department`(`ID`,`NAME`,`NOTE`,`MANAGERID`) values (2,'市场部','负责开拓市场',14);
insert  into `department`(`ID`,`NAME`,`NOTE`,`MANAGERID`) values (3,'运营部','负责产品运营',15);

/*Table structure for table `forum` */

DROP TABLE IF EXISTS `forum`;

CREATE TABLE `forum` (
  `ID` bigint(20) NOT NULL AUTO_INCREMENT,
  `NAME` varchar(50) COLLATE utf8_bin DEFAULT NULL,
  `NOTE` varchar(200) COLLATE utf8_bin DEFAULT NULL,
  `IMAGENAME` varchar(50) COLLATE utf8_bin DEFAULT NULL,
  `POSITION` int(11) DEFAULT NULL,
  `TOPICCOUNT` int(11) DEFAULT NULL,
  `ARTICLECOUNT` int(11) DEFAULT NULL,
  `LASTTOPICID` bigint(20) DEFAULT NULL,
  PRIMARY KEY (`ID`),
  UNIQUE KEY `UK_5lmdo2auescrekpoilefwmqpc` (`LASTTOPICID`),
  CONSTRAINT `FK_5lmdo2auescrekpoilefwmqpc` FOREIGN KEY (`LASTTOPICID`) REFERENCES `topic` (`ID`)
) ENGINE=InnoDB AUTO_INCREMENT=7 DEFAULT CHARSET=utf8 COLLATE=utf8_bin;

/*Data for the table `forum` */

insert  into `forum`(`ID`,`NAME`,`NOTE`,`IMAGENAME`,`POSITION`,`TOPICCOUNT`,`ARTICLECOUNT`,`LASTTOPICID`) values (1,'java','java技术交流','d:/oarun/image/forum/java_102.jpg',1,3,16,3);
insert  into `forum`(`ID`,`NAME`,`NOTE`,`IMAGENAME`,`POSITION`,`TOPICCOUNT`,`ARTICLECOUNT`,`LASTTOPICID`) values (3,'移动app开发','android，ios开发交流','d:/oarun/image/forum/移动app开发_103.jpg',3,0,0,NULL);
insert  into `forum`(`ID`,`NAME`,`NOTE`,`IMAGENAME`,`POSITION`,`TOPICCOUNT`,`ARTICLECOUNT`,`LASTTOPICID`) values (4,'娱乐专区','娱乐交流，畅所欲言','d:/oarun/image/forum/娱乐专区_104.jpg',4,0,0,NULL);
insert  into `forum`(`ID`,`NAME`,`NOTE`,`IMAGENAME`,`POSITION`,`TOPICCOUNT`,`ARTICLECOUNT`,`LASTTOPICID`) values (5,'游戏交流','游戏外挂，破解','d:/oarun/image/forum/游戏交流_101.jpg',5,0,0,NULL);
insert  into `forum`(`ID`,`NAME`,`NOTE`,`IMAGENAME`,`POSITION`,`TOPICCOUNT`,`ARTICLECOUNT`,`LASTTOPICID`) values (6,'生活','记录生活的点点滴滴','d:/oarun/image/forum/生活_105.jpg',6,0,0,NULL);

/*Table structure for table `leavebill` */

DROP TABLE IF EXISTS `leavebill`;

CREATE TABLE `leavebill` (
  `ID` bigint(20) NOT NULL AUTO_INCREMENT,
  `DAYS` int(11) DEFAULT NULL,
  `CONTENT` varchar(200) COLLATE utf8_bin DEFAULT NULL,
  `LEAVEDATE` datetime DEFAULT NULL,
  `NOTE` varchar(200) COLLATE utf8_bin DEFAULT NULL,
  `STATE` int(11) DEFAULT NULL,
  `userId` bigint(20) DEFAULT NULL,
  PRIMARY KEY (`ID`),
  KEY `FK_hoknlijd7gi6wwb17qftd2t5w` (`userId`),
  CONSTRAINT `FK_hoknlijd7gi6wwb17qftd2t5w` FOREIGN KEY (`userId`) REFERENCES `user` (`ID`)
) ENGINE=InnoDB AUTO_INCREMENT=627 DEFAULT CHARSET=utf8 COLLATE=utf8_bin;

/*Data for the table `leavebill` */

insert  into `leavebill`(`ID`,`DAYS`,`CONTENT`,`LEAVEDATE`,`NOTE`,`STATE`,`userId`) values (621,3,'写论文','2015-04-25 00:00:00',NULL,2,18);
insert  into `leavebill`(`ID`,`DAYS`,`CONTENT`,`LEAVEDATE`,`NOTE`,`STATE`,`userId`) values (622,5,'旅游','2015-05-01 00:00:00',NULL,1,18);
insert  into `leavebill`(`ID`,`DAYS`,`CONTENT`,`LEAVEDATE`,`NOTE`,`STATE`,`userId`) values (624,7,'出去培训','2015-05-03 00:00:00',NULL,1,18);
insert  into `leavebill`(`ID`,`DAYS`,`CONTENT`,`LEAVEDATE`,`NOTE`,`STATE`,`userId`) values (625,7,'毕业答辩','2015-05-03 00:00:00',NULL,2,18);
insert  into `leavebill`(`ID`,`DAYS`,`CONTENT`,`LEAVEDATE`,`NOTE`,`STATE`,`userId`) values (626,10,'回学校答辩','2015-05-19 00:00:00',NULL,2,18);

/*Table structure for table `mymail` */

DROP TABLE IF EXISTS `mymail`;

CREATE TABLE `mymail` (
  `ID` bigint(20) NOT NULL AUTO_INCREMENT,
  `USERNAME` varchar(50) COLLATE utf8_bin DEFAULT NULL,
  `PASSWORD` varchar(50) COLLATE utf8_bin DEFAULT NULL,
  `SERVER` varchar(50) COLLATE utf8_bin DEFAULT NULL,
  `MAILFROM` varchar(50) COLLATE utf8_bin DEFAULT NULL,
  `MAILTO` varchar(50) COLLATE utf8_bin DEFAULT NULL,
  `SUBJECT` varchar(50) COLLATE utf8_bin DEFAULT NULL,
  `CONTENT` varchar(50) COLLATE utf8_bin DEFAULT NULL,
  `DATE` datetime DEFAULT NULL,
  `userId` bigint(20) DEFAULT NULL,
  PRIMARY KEY (`ID`),
  KEY `FK_77gawxf1nd223cqsflqbnhe4w` (`userId`),
  CONSTRAINT `FK_77gawxf1nd223cqsflqbnhe4w` FOREIGN KEY (`userId`) REFERENCES `user` (`ID`)
) ENGINE=InnoDB AUTO_INCREMENT=6 DEFAULT CHARSET=utf8 COLLATE=utf8_bin;

/*Data for the table `mymail` */

insert  into `mymail`(`ID`,`USERNAME`,`PASSWORD`,`SERVER`,`MAILFROM`,`MAILTO`,`SUBJECT`,`CONTENT`,`DATE`,`userId`) values (2,'79712553','911004zzl',NULL,'79712553@qq.com','zzlabc@foxmail.com','你好','太累了','2015-04-19 23:07:21',18);
insert  into `mymail`(`ID`,`USERNAME`,`PASSWORD`,`SERVER`,`MAILFROM`,`MAILTO`,`SUBJECT`,`CONTENT`,`DATE`,`userId`) values (3,'79712553','911004zzl','smtp.qq.com','79712553@qq.com','zzlabc@foxmail.com','毕业设计','好好写论文','2015-04-25 16:53:35',19);
insert  into `mymail`(`ID`,`USERNAME`,`PASSWORD`,`SERVER`,`MAILFROM`,`MAILTO`,`SUBJECT`,`CONTENT`,`DATE`,`userId`) values (4,'79712553','911004zzl','smtp.qq.com','79712553@qq.com','zzlabc@foxmail.com','你好','在吗','2015-05-03 22:35:33',1);
insert  into `mymail`(`ID`,`USERNAME`,`PASSWORD`,`SERVER`,`MAILFROM`,`MAILTO`,`SUBJECT`,`CONTENT`,`DATE`,`userId`) values (5,'79712553','911004zzl','smtp.qq.com','79712553@qq.com','zzlabc@foxmail.com','你好','在家里吗','2015-05-03 22:53:39',1);

/*Table structure for table `privilege` */

DROP TABLE IF EXISTS `privilege`;

CREATE TABLE `privilege` (
  `ID` bigint(20) NOT NULL AUTO_INCREMENT,
  `URL` varchar(100) COLLATE utf8_bin DEFAULT NULL,
  `NAME` varchar(50) COLLATE utf8_bin DEFAULT NULL,
  `ICON` varchar(50) COLLATE utf8_bin DEFAULT NULL,
  `PARENTID` bigint(20) DEFAULT NULL,
  PRIMARY KEY (`ID`),
  KEY `FK_nk8vxc180qag0lkklspt44ekf` (`PARENTID`),
  CONSTRAINT `FK_nk8vxc180qag0lkklspt44ekf` FOREIGN KEY (`PARENTID`) REFERENCES `privilege` (`ID`)
) ENGINE=InnoDB AUTO_INCREMENT=36 DEFAULT CHARSET=utf8 COLLATE=utf8_bin;

/*Data for the table `privilege` */

insert  into `privilege`(`ID`,`URL`,`NAME`,`ICON`,`PARENTID`) values (0,'','个人办公','FUNC20001.gif',NULL);
insert  into `privilege`(`ID`,`URL`,`NAME`,`ICON`,`PARENTID`) values (1,NULL,'系统管理','FUNC20082.gif',NULL);
insert  into `privilege`(`ID`,`URL`,`NAME`,`ICON`,`PARENTID`) values (2,'role_list','岗位管理',NULL,1);
insert  into `privilege`(`ID`,`URL`,`NAME`,`ICON`,`PARENTID`) values (3,'department_list','部门管理',NULL,1);
insert  into `privilege`(`ID`,`URL`,`NAME`,`ICON`,`PARENTID`) values (4,'user_getUsersByPage?pageInfo.currentPage=1&name=&age1=0&age2=99','用户管理',NULL,1);
insert  into `privilege`(`ID`,`URL`,`NAME`,`ICON`,`PARENTID`) values (5,'role_list','岗位列表',NULL,2);
insert  into `privilege`(`ID`,`URL`,`NAME`,`ICON`,`PARENTID`) values (6,'role_delete','岗位删除',NULL,2);
insert  into `privilege`(`ID`,`URL`,`NAME`,`ICON`,`PARENTID`) values (7,'role_add','岗位添加',NULL,2);
insert  into `privilege`(`ID`,`URL`,`NAME`,`ICON`,`PARENTID`) values (8,'role_edit','岗位修改',NULL,2);
insert  into `privilege`(`ID`,`URL`,`NAME`,`ICON`,`PARENTID`) values (9,'department_list','部门列表',NULL,3);
insert  into `privilege`(`ID`,`URL`,`NAME`,`ICON`,`PARENTID`) values (10,'department_delete','部门删除',NULL,3);
insert  into `privilege`(`ID`,`URL`,`NAME`,`ICON`,`PARENTID`) values (11,'department_add','部门添加',NULL,3);
insert  into `privilege`(`ID`,`URL`,`NAME`,`ICON`,`PARENTID`) values (12,'department_edit','部门修改',NULL,3);
insert  into `privilege`(`ID`,`URL`,`NAME`,`ICON`,`PARENTID`) values (13,'user_getUsersByPage?pageInfo.currentPage=1&name=&age1=0&age2=99','用户列表',NULL,4);
insert  into `privilege`(`ID`,`URL`,`NAME`,`ICON`,`PARENTID`) values (14,'user_delete','用户删除',NULL,4);
insert  into `privilege`(`ID`,`URL`,`NAME`,`ICON`,`PARENTID`) values (15,'user_add','用户添加',NULL,4);
insert  into `privilege`(`ID`,`URL`,`NAME`,`ICON`,`PARENTID`) values (16,'user_edit','用户修改',NULL,4);
insert  into `privilege`(`ID`,`URL`,`NAME`,`ICON`,`PARENTID`) values (18,NULL,'网上交流','FUNC20064.gif',NULL);
insert  into `privilege`(`ID`,`URL`,`NAME`,`ICON`,`PARENTID`) values (19,'forumManage_list','论坛管理',NULL,18);
insert  into `privilege`(`ID`,`URL`,`NAME`,`ICON`,`PARENTID`) values (20,'forum_list','论坛',NULL,18);
insert  into `privilege`(`ID`,`URL`,`NAME`,`ICON`,`PARENTID`) values (21,NULL,'审批流转','FUNC20057.gif',NULL);
insert  into `privilege`(`ID`,`URL`,`NAME`,`ICON`,`PARENTID`) values (22,'leaveApply_apply','我要申请',NULL,21);
insert  into `privilege`(`ID`,`URL`,`NAME`,`ICON`,`PARENTID`) values (23,'leaveApply_applyList','我的申请记录',NULL,21);
insert  into `privilege`(`ID`,`URL`,`NAME`,`ICON`,`PARENTID`) values (24,'leaveApply_taskList','待办任务',NULL,21);
insert  into `privilege`(`ID`,`URL`,`NAME`,`ICON`,`PARENTID`) values (25,'leaveApply_hisTaskList','任务查询',NULL,21);
insert  into `privilege`(`ID`,`URL`,`NAME`,`ICON`,`PARENTID`) values (26,'sendMail_add','发送邮件',NULL,18);
insert  into `privilege`(`ID`,`URL`,`NAME`,`ICON`,`PARENTID`) values (27,'sendMail_mailList','已发邮件',NULL,18);
insert  into `privilege`(`ID`,`URL`,`NAME`,`ICON`,`PARENTID`) values (29,'calendar_index','日程管理',NULL,0);
insert  into `privilege`(`ID`,`URL`,`NAME`,`ICON`,`PARENTID`) values (31,'role_setPrivilege','设置权限',NULL,2);
insert  into `privilege`(`ID`,`URL`,`NAME`,`ICON`,`PARENTID`) values (32,'userManage_list','在线用户管理',NULL,1);
insert  into `privilege`(`ID`,`URL`,`NAME`,`ICON`,`PARENTID`) values (33,'topic_delete','删除主题',NULL,20);
insert  into `privilege`(`ID`,`URL`,`NAME`,`ICON`,`PARENTID`) values (34,'topic_setType','设置主题类型',NULL,20);
insert  into `privilege`(`ID`,`URL`,`NAME`,`ICON`,`PARENTID`) values (35,'reply_delete','删除回复',NULL,20);

/*Table structure for table `reply` */

DROP TABLE IF EXISTS `reply`;

CREATE TABLE `reply` (
  `ID` bigint(20) NOT NULL AUTO_INCREMENT,
  `TITLE` varchar(50) COLLATE utf8_bin DEFAULT NULL,
  `CONTENT` longtext COLLATE utf8_bin,
  `FACEICON` varchar(50) COLLATE utf8_bin DEFAULT NULL,
  `POSTTIME` datetime DEFAULT NULL,
  `IPADDR` varchar(50) COLLATE utf8_bin DEFAULT NULL,
  `AUTHORID` bigint(20) DEFAULT NULL,
  `TOPICID` bigint(20) DEFAULT NULL,
  PRIMARY KEY (`ID`),
  KEY `FK_nf8jehmnt1or2ueejyfyy2not` (`AUTHORID`),
  KEY `FK_h5701hoyxpl9grvmmib3e7401` (`TOPICID`),
  CONSTRAINT `FK_h5701hoyxpl9grvmmib3e7401` FOREIGN KEY (`TOPICID`) REFERENCES `topic` (`ID`),
  CONSTRAINT `FK_nf8jehmnt1or2ueejyfyy2not` FOREIGN KEY (`AUTHORID`) REFERENCES `user` (`ID`)
) ENGINE=InnoDB AUTO_INCREMENT=17 DEFAULT CHARSET=utf8 COLLATE=utf8_bin;

/*Data for the table `reply` */

insert  into `reply`(`ID`,`TITLE`,`CONTENT`,`FACEICON`,`POSTTIME`,`IPADDR`,`AUTHORID`,`TOPICID`) values (1,NULL,'<img src=\"http://localhost:8080/OA/fckeditor/editor/images/smiley/wangwang/0.gif\" alt=\"\" />好学吗？<br />',NULL,'2015-05-03 15:23:58','127.0.0.1',18,1);
insert  into `reply`(`ID`,`TITLE`,`CONTENT`,`FACEICON`,`POSTTIME`,`IPADDR`,`AUTHORID`,`TOPICID`) values (2,NULL,'<img src=\"http://localhost:8080/OA/fckeditor/editor/images/smiley/wangwang/15.gif\" alt=\"\" /><br />',NULL,'2015-05-03 15:25:31','127.0.0.1',18,1);
insert  into `reply`(`ID`,`TITLE`,`CONTENT`,`FACEICON`,`POSTTIME`,`IPADDR`,`AUTHORID`,`TOPICID`) values (3,NULL,'<img src=\"http://localhost:8080/OA/fckeditor/editor/images/smiley/wangwang/23.gif\" alt=\"\" /><img src=\"http://localhost:8080/OA/fckeditor/editor/images/smiley/wangwang/27.gif\" alt=\"\" /><span style=\"font-size: 36px;\"><strong><em><span style=\"color: rgb(153, 204, 0);\">多敲代码了</span></em></strong></span><br />',NULL,'2015-05-03 16:56:29','127.0.0.1',1,1);
insert  into `reply`(`ID`,`TITLE`,`CONTENT`,`FACEICON`,`POSTTIME`,`IPADDR`,`AUTHORID`,`TOPICID`) values (4,NULL,'<img src=\"http://localhost:8080/OA/fckeditor/editor/images/smiley/wangwang/12.gif\" alt=\"\" /><img src=\"http://localhost:8080/OA/fckeditor/editor/images/smiley/wangwang/12.gif\" alt=\"\" /><img src=\"http://localhost:8080/OA/fckeditor/editor/images/smiley/wangwang/12.gif\" alt=\"\" /><br />',NULL,'2015-05-03 18:35:14','127.0.0.1',13,1);
insert  into `reply`(`ID`,`TITLE`,`CONTENT`,`FACEICON`,`POSTTIME`,`IPADDR`,`AUTHORID`,`TOPICID`) values (5,NULL,'<img src=\"http://localhost:8080/OA/fckeditor/editor/images/smiley/wangwang/15.gif\" alt=\"\" /><br />',NULL,'2015-05-03 18:35:28','127.0.0.1',13,1);
insert  into `reply`(`ID`,`TITLE`,`CONTENT`,`FACEICON`,`POSTTIME`,`IPADDR`,`AUTHORID`,`TOPICID`) values (6,NULL,'<img src=\"http://localhost:8080/OA/fckeditor/editor/images/smiley/wangwang/7.gif\" alt=\"\" /><br />',NULL,'2015-05-03 18:35:34','127.0.0.1',13,1);
insert  into `reply`(`ID`,`TITLE`,`CONTENT`,`FACEICON`,`POSTTIME`,`IPADDR`,`AUTHORID`,`TOPICID`) values (7,NULL,'<img src=\"http://localhost:8080/OA/fckeditor/editor/images/smiley/wangwang/10.gif\" alt=\"\" /><br />',NULL,'2015-05-03 18:36:11','127.0.0.1',19,1);
insert  into `reply`(`ID`,`TITLE`,`CONTENT`,`FACEICON`,`POSTTIME`,`IPADDR`,`AUTHORID`,`TOPICID`) values (8,NULL,'<img src=\"http://localhost:8080/OA/fckeditor/editor/images/smiley/wangwang/10.gif\" alt=\"\" /><br />',NULL,'2015-05-03 18:36:30','127.0.0.1',19,1);
insert  into `reply`(`ID`,`TITLE`,`CONTENT`,`FACEICON`,`POSTTIME`,`IPADDR`,`AUTHORID`,`TOPICID`) values (9,NULL,'<img src=\"http://localhost:8080/OA/fckeditor/editor/images/smiley/wangwang/15.gif\" alt=\"\" /><br />',NULL,'2015-05-03 18:36:36','127.0.0.1',19,1);
insert  into `reply`(`ID`,`TITLE`,`CONTENT`,`FACEICON`,`POSTTIME`,`IPADDR`,`AUTHORID`,`TOPICID`) values (10,NULL,'<img src=\"http://localhost:8080/OA/fckeditor/editor/images/smiley/wangwang/6.gif\" alt=\"\" /><br />',NULL,'2015-05-03 18:36:42','127.0.0.1',19,1);
insert  into `reply`(`ID`,`TITLE`,`CONTENT`,`FACEICON`,`POSTTIME`,`IPADDR`,`AUTHORID`,`TOPICID`) values (11,NULL,'<font color=\'red\'>此回帖已被管理员删除</font>',NULL,'2015-05-03 18:36:48','127.0.0.1',19,1);
insert  into `reply`(`ID`,`TITLE`,`CONTENT`,`FACEICON`,`POSTTIME`,`IPADDR`,`AUTHORID`,`TOPICID`) values (12,NULL,'<img src=\"http://localhost:8080/OA/fckeditor/editor/images/smiley/wangwang/1.gif\" alt=\"\" /><br />',NULL,'2015-05-03 18:36:53','127.0.0.1',19,1);
insert  into `reply`(`ID`,`TITLE`,`CONTENT`,`FACEICON`,`POSTTIME`,`IPADDR`,`AUTHORID`,`TOPICID`) values (13,NULL,'<img src=\"http://localhost:8080/OA/fckeditor/editor/images/smiley/wangwang/44.gif\" alt=\"\" /><br />',NULL,'2015-05-03 18:38:26','127.0.0.1',19,2);
insert  into `reply`(`ID`,`TITLE`,`CONTENT`,`FACEICON`,`POSTTIME`,`IPADDR`,`AUTHORID`,`TOPICID`) values (14,NULL,'<img src=\"http://localhost:8080/OA/fckeditor/editor/images/smiley/wangwang/11.gif\" alt=\"\" /><img src=\"http://localhost:8080/OA/fckeditor/editor/images/smiley/wangwang/13.gif\" alt=\"\" /><img src=\"http://localhost:8080/OA/fckeditor/editor/images/smiley/wangwang/14.gif\" alt=\"\" /><br />',NULL,'2015-05-03 18:38:38','127.0.0.1',19,2);
insert  into `reply`(`ID`,`TITLE`,`CONTENT`,`FACEICON`,`POSTTIME`,`IPADDR`,`AUTHORID`,`TOPICID`) values (15,NULL,'<img src=\"http://localhost:8080/OA/fckeditor/editor/images/smiley/wangwang/11.gif\" alt=\"\" /><br />',NULL,'2015-05-03 22:32:30','127.0.0.1',1,2);
insert  into `reply`(`ID`,`TITLE`,`CONTENT`,`FACEICON`,`POSTTIME`,`IPADDR`,`AUTHORID`,`TOPICID`) values (16,NULL,'<img src=\"http://localhost:8080/OA/fckeditor/editor/images/smiley/wangwang/9.gif\" alt=\"\" /><img src=\"http://localhost:8080/OA/fckeditor/editor/images/smiley/wangwang/17.gif\" alt=\"\" /><br />',NULL,'2015-05-03 22:50:16','127.0.0.1',1,3);

/*Table structure for table `role` */

DROP TABLE IF EXISTS `role`;

CREATE TABLE `role` (
  `ID` bigint(20) NOT NULL AUTO_INCREMENT,
  `NAME` varchar(50) COLLATE utf8_bin DEFAULT NULL,
  `NOTE` varchar(100) COLLATE utf8_bin DEFAULT NULL,
  PRIMARY KEY (`ID`)
) ENGINE=InnoDB AUTO_INCREMENT=5 DEFAULT CHARSET=utf8 COLLATE=utf8_bin;

/*Data for the table `role` */

insert  into `role`(`ID`,`NAME`,`NOTE`) values (1,'总经理','主持全面工作');
insert  into `role`(`ID`,`NAME`,`NOTE`) values (3,'部门经理','负责部门工作');
insert  into `role`(`ID`,`NAME`,`NOTE`) values (4,'员工','做好本职工作');

/*Table structure for table `role_privilege` */

DROP TABLE IF EXISTS `role_privilege`;

CREATE TABLE `role_privilege` (
  `PRIVILEGEID` bigint(20) NOT NULL,
  `ROLEID` bigint(20) NOT NULL,
  PRIMARY KEY (`ROLEID`,`PRIVILEGEID`),
  KEY `FK_ly7yjw4jcn10wcn69tt078hr8` (`PRIVILEGEID`),
  CONSTRAINT `FK_ly7yjw4jcn10wcn69tt078hr8` FOREIGN KEY (`PRIVILEGEID`) REFERENCES `privilege` (`ID`),
  CONSTRAINT `FK_mj0txg37prfd4ji4r8dksgdu4` FOREIGN KEY (`ROLEID`) REFERENCES `role` (`ID`)
) ENGINE=InnoDB DEFAULT CHARSET=utf8 COLLATE=utf8_bin;

/*Data for the table `role_privilege` */

insert  into `role_privilege`(`PRIVILEGEID`,`ROLEID`) values (0,3);
insert  into `role_privilege`(`PRIVILEGEID`,`ROLEID`) values (1,3);
insert  into `role_privilege`(`PRIVILEGEID`,`ROLEID`) values (1,4);
insert  into `role_privilege`(`PRIVILEGEID`,`ROLEID`) values (2,3);
insert  into `role_privilege`(`PRIVILEGEID`,`ROLEID`) values (2,4);
insert  into `role_privilege`(`PRIVILEGEID`,`ROLEID`) values (3,3);
insert  into `role_privilege`(`PRIVILEGEID`,`ROLEID`) values (3,4);
insert  into `role_privilege`(`PRIVILEGEID`,`ROLEID`) values (4,3);
insert  into `role_privilege`(`PRIVILEGEID`,`ROLEID`) values (4,4);
insert  into `role_privilege`(`PRIVILEGEID`,`ROLEID`) values (5,3);
insert  into `role_privilege`(`PRIVILEGEID`,`ROLEID`) values (5,4);
insert  into `role_privilege`(`PRIVILEGEID`,`ROLEID`) values (9,3);
insert  into `role_privilege`(`PRIVILEGEID`,`ROLEID`) values (9,4);
insert  into `role_privilege`(`PRIVILEGEID`,`ROLEID`) values (13,3);
insert  into `role_privilege`(`PRIVILEGEID`,`ROLEID`) values (13,4);
insert  into `role_privilege`(`PRIVILEGEID`,`ROLEID`) values (18,3);
insert  into `role_privilege`(`PRIVILEGEID`,`ROLEID`) values (18,4);
insert  into `role_privilege`(`PRIVILEGEID`,`ROLEID`) values (20,3);
insert  into `role_privilege`(`PRIVILEGEID`,`ROLEID`) values (20,4);
insert  into `role_privilege`(`PRIVILEGEID`,`ROLEID`) values (21,3);
insert  into `role_privilege`(`PRIVILEGEID`,`ROLEID`) values (21,4);
insert  into `role_privilege`(`PRIVILEGEID`,`ROLEID`) values (22,4);
insert  into `role_privilege`(`PRIVILEGEID`,`ROLEID`) values (23,4);
insert  into `role_privilege`(`PRIVILEGEID`,`ROLEID`) values (24,3);
insert  into `role_privilege`(`PRIVILEGEID`,`ROLEID`) values (25,3);
insert  into `role_privilege`(`PRIVILEGEID`,`ROLEID`) values (26,3);
insert  into `role_privilege`(`PRIVILEGEID`,`ROLEID`) values (26,4);
insert  into `role_privilege`(`PRIVILEGEID`,`ROLEID`) values (27,3);
insert  into `role_privilege`(`PRIVILEGEID`,`ROLEID`) values (27,4);
insert  into `role_privilege`(`PRIVILEGEID`,`ROLEID`) values (29,3);

/*Table structure for table `topic` */

DROP TABLE IF EXISTS `topic`;

CREATE TABLE `topic` (
  `ID` bigint(20) NOT NULL AUTO_INCREMENT,
  `TITLE` varchar(50) COLLATE utf8_bin DEFAULT NULL,
  `CONTENT` longtext COLLATE utf8_bin,
  `FACEICON` varchar(50) COLLATE utf8_bin DEFAULT NULL,
  `POSTTIME` datetime DEFAULT NULL,
  `IPADDR` varchar(50) COLLATE utf8_bin DEFAULT NULL,
  `TYPE` int(11) DEFAULT NULL,
  `REPLYCOUNT` int(11) DEFAULT NULL,
  `LASTUPDATETIME` datetime DEFAULT NULL,
  `authorId` bigint(20) DEFAULT NULL,
  `FORUMID` bigint(20) DEFAULT NULL,
  `LASTREPLYID` bigint(20) DEFAULT NULL,
  PRIMARY KEY (`ID`),
  UNIQUE KEY `UK_qqgpn21ccxppju6b9wsg8wdl1` (`LASTREPLYID`),
  KEY `FK_hod0brmcn4vf791108lc54mk4` (`authorId`),
  KEY `FK_7k338rxg0on1e5onsikadbb1u` (`FORUMID`),
  CONSTRAINT `FK_7k338rxg0on1e5onsikadbb1u` FOREIGN KEY (`FORUMID`) REFERENCES `forum` (`ID`),
  CONSTRAINT `FK_hod0brmcn4vf791108lc54mk4` FOREIGN KEY (`authorId`) REFERENCES `user` (`ID`),
  CONSTRAINT `FK_qqgpn21ccxppju6b9wsg8wdl1` FOREIGN KEY (`LASTREPLYID`) REFERENCES `reply` (`ID`)
) ENGINE=InnoDB AUTO_INCREMENT=4 DEFAULT CHARSET=utf8 COLLATE=utf8_bin;

/*Data for the table `topic` */

insert  into `topic`(`ID`,`TITLE`,`CONTENT`,`FACEICON`,`POSTTIME`,`IPADDR`,`TYPE`,`REPLYCOUNT`,`LASTUPDATETIME`,`authorId`,`FORUMID`,`LASTREPLYID`) values (1,'java好学吗','<img src=\"http://localhost:8080/OA/fckeditor/editor/images/smiley/wangwang/0.gif\" alt=\"\" />好学吗？<br />','14','2015-05-03 15:23:58','127.0.0.1',2,11,'2015-05-03 18:36:53',18,1,12);
insert  into `topic`(`ID`,`TITLE`,`CONTENT`,`FACEICON`,`POSTTIME`,`IPADDR`,`TYPE`,`REPLYCOUNT`,`LASTUPDATETIME`,`authorId`,`FORUMID`,`LASTREPLYID`) values (2,'压力好大啊','<img src=\"http://localhost:8080/OA/fckeditor/editor/images/smiley/wangwang/44.gif\" alt=\"\" /><br />','10','2015-05-03 18:38:26','127.0.0.1',0,2,'2015-05-03 22:32:30',19,1,15);
insert  into `topic`(`ID`,`TITLE`,`CONTENT`,`FACEICON`,`POSTTIME`,`IPADDR`,`TYPE`,`REPLYCOUNT`,`LASTUPDATETIME`,`authorId`,`FORUMID`,`LASTREPLYID`) values (3,'5.1','<img src=\"http://localhost:8080/OA/fckeditor/editor/images/smiley/wangwang/9.gif\" alt=\"\" /><img src=\"http://localhost:8080/OA/fckeditor/editor/images/smiley/wangwang/17.gif\" alt=\"\" /><br />','8','2015-05-03 22:50:16','127.0.0.1',1,0,'2015-05-03 22:50:16',1,1,NULL);

/*Table structure for table `user` */

DROP TABLE IF EXISTS `user`;

CREATE TABLE `user` (
  `ID` bigint(20) NOT NULL AUTO_INCREMENT,
  `LOGINNAME` varchar(50) COLLATE utf8_bin DEFAULT NULL,
  `PASSWORD` varchar(100) COLLATE utf8_bin DEFAULT NULL,
  `REALNAME` varchar(50) COLLATE utf8_bin DEFAULT NULL,
  `GENDER` varchar(50) COLLATE utf8_bin DEFAULT NULL,
  `PHONENUMBER` varchar(50) COLLATE utf8_bin DEFAULT NULL,
  `EMAIL` varchar(100) COLLATE utf8_bin DEFAULT NULL,
  `AGE` int(11) DEFAULT NULL,
  `IMAGEADDRESS` varchar(100) COLLATE utf8_bin DEFAULT NULL,
  `EDUCATION` varchar(50) COLLATE utf8_bin DEFAULT NULL,
  `NOTE` varchar(50) COLLATE utf8_bin DEFAULT NULL,
  `DEPARTMENTID` bigint(20) DEFAULT NULL,
  PRIMARY KEY (`ID`),
  KEY `FK_63ctwa7e96gl83p5xkibcbvv2` (`DEPARTMENTID`),
  CONSTRAINT `FK_63ctwa7e96gl83p5xkibcbvv2` FOREIGN KEY (`DEPARTMENTID`) REFERENCES `department` (`ID`)
) ENGINE=InnoDB AUTO_INCREMENT=29 DEFAULT CHARSET=utf8 COLLATE=utf8_bin;

/*Data for the table `user` */

insert  into `user`(`ID`,`LOGINNAME`,`PASSWORD`,`REALNAME`,`GENDER`,`PHONENUMBER`,`EMAIL`,`AGE`,`IMAGEADDRESS`,`EDUCATION`,`NOTE`,`DEPARTMENTID`) values (1,'admin','21232f297a57a5a743894a0e4a801fc3','超级管理员','男','17710267357','79712553@qq.com',24,'d:/oarun/image/user/admin_图片1.jpg','本科',NULL,NULL);
insert  into `user`(`ID`,`LOGINNAME`,`PASSWORD`,`REALNAME`,`GENDER`,`PHONENUMBER`,`EMAIL`,`AGE`,`IMAGEADDRESS`,`EDUCATION`,`NOTE`,`DEPARTMENTID`) values (13,'test1','e10adc3949ba59abbe56e057f20f883e','张三','男','15512234455','444444@qq.com',22,'d:/oarun/image/user/test1_001.jpg','硕士',NULL,1);
insert  into `user`(`ID`,`LOGINNAME`,`PASSWORD`,`REALNAME`,`GENDER`,`PHONENUMBER`,`EMAIL`,`AGE`,`IMAGEADDRESS`,`EDUCATION`,`NOTE`,`DEPARTMENTID`) values (14,'test2','e10adc3949ba59abbe56e057f20f883e','李四','女','18805328888','22222211@qq.com',27,'d:/oarun/image/user/test2_002.jpg','本科',NULL,2);
insert  into `user`(`ID`,`LOGINNAME`,`PASSWORD`,`REALNAME`,`GENDER`,`PHONENUMBER`,`EMAIL`,`AGE`,`IMAGEADDRESS`,`EDUCATION`,`NOTE`,`DEPARTMENTID`) values (15,'test3','e10adc3949ba59abbe56e057f20f883e','马五','男','11712345678','79874654@qq.com',33,'d:/oarun/image/user/test3_002.jpg','硕士',NULL,3);
insert  into `user`(`ID`,`LOGINNAME`,`PASSWORD`,`REALNAME`,`GENDER`,`PHONENUMBER`,`EMAIL`,`AGE`,`IMAGEADDRESS`,`EDUCATION`,`NOTE`,`DEPARTMENTID`) values (16,'test4','e10adc3949ba59abbe56e057f20f883e','火狐','男','11712345644','464654@qq.com',26,'d:/oarun/image/user/test4_004.jpg','硕士',NULL,1);
insert  into `user`(`ID`,`LOGINNAME`,`PASSWORD`,`REALNAME`,`GENDER`,`PHONENUMBER`,`EMAIL`,`AGE`,`IMAGEADDRESS`,`EDUCATION`,`NOTE`,`DEPARTMENTID`) values (17,'test5','e10adc3949ba59abbe56e057f20f883e','呵呵','男','15678947894','123456@qq.com',35,'d:/oarun/image/user/test5_006.jpg','本科',NULL,1);
insert  into `user`(`ID`,`LOGINNAME`,`PASSWORD`,`REALNAME`,`GENDER`,`PHONENUMBER`,`EMAIL`,`AGE`,`IMAGEADDRESS`,`EDUCATION`,`NOTE`,`DEPARTMENTID`) values (18,'user1','e10adc3949ba59abbe56e057f20f883e','刘畅','男','15644445555','46487485@qq.com',32,'d:/oarun/image/user/user1_007.jpg','大专',NULL,1);
insert  into `user`(`ID`,`LOGINNAME`,`PASSWORD`,`REALNAME`,`GENDER`,`PHONENUMBER`,`EMAIL`,`AGE`,`IMAGEADDRESS`,`EDUCATION`,`NOTE`,`DEPARTMENTID`) values (19,'user2','e10adc3949ba59abbe56e057f20f883e','小马','女','17878787878','797453465@qq.com',18,'d:/oarun/image/user/user2_008.jpg','大专',NULL,1);
insert  into `user`(`ID`,`LOGINNAME`,`PASSWORD`,`REALNAME`,`GENDER`,`PHONENUMBER`,`EMAIL`,`AGE`,`IMAGEADDRESS`,`EDUCATION`,`NOTE`,`DEPARTMENTID`) values (20,'user3','e10adc3949ba59abbe56e057f20f883e','小妹','女','16546845','64664654@qq.com',24,'d:/oarun/image/user/user3_009.jpg','大专',NULL,1);
insert  into `user`(`ID`,`LOGINNAME`,`PASSWORD`,`REALNAME`,`GENDER`,`PHONENUMBER`,`EMAIL`,`AGE`,`IMAGEADDRESS`,`EDUCATION`,`NOTE`,`DEPARTMENTID`) values (21,'user4','e10adc3949ba59abbe56e057f20f883e','留言','女','4565465','464654@qq.com',27,'d:/oarun/image/user/user4_010.jpg','高中',NULL,2);
insert  into `user`(`ID`,`LOGINNAME`,`PASSWORD`,`REALNAME`,`GENDER`,`PHONENUMBER`,`EMAIL`,`AGE`,`IMAGEADDRESS`,`EDUCATION`,`NOTE`,`DEPARTMENTID`) values (22,'user5','e10adc3949ba59abbe56e057f20f883e','很累','女','465465415','4654151651@qq.com',44,'d:/oarun/image/user/user5_002.jpg','博士',NULL,2);
insert  into `user`(`ID`,`LOGINNAME`,`PASSWORD`,`REALNAME`,`GENDER`,`PHONENUMBER`,`EMAIL`,`AGE`,`IMAGEADDRESS`,`EDUCATION`,`NOTE`,`DEPARTMENTID`) values (25,'user8','e10adc3949ba59abbe56e057f20f883e','阿里','女','4565465','545641@qq.com',28,'d:/oarun/image/user/user8_006.jpg','硕士',NULL,3);
insert  into `user`(`ID`,`LOGINNAME`,`PASSWORD`,`REALNAME`,`GENDER`,`PHONENUMBER`,`EMAIL`,`AGE`,`IMAGEADDRESS`,`EDUCATION`,`NOTE`,`DEPARTMENTID`) values (26,'baidu','e10adc3949ba59abbe56e057f20f883e','百度','女','45666','456456456@qq.com',33,'d:/oarun/image/user/baidu_007.jpg','博士',NULL,3);
insert  into `user`(`ID`,`LOGINNAME`,`PASSWORD`,`REALNAME`,`GENDER`,`PHONENUMBER`,`EMAIL`,`AGE`,`IMAGEADDRESS`,`EDUCATION`,`NOTE`,`DEPARTMENTID`) values (27,'taobao','e10adc3949ba59abbe56e057f20f883e','淘宝','女','11712345644','123456@qq.com',26,'d:/oarun/image/user/taobao_004.jpg','硕士',NULL,3);
insert  into `user`(`ID`,`LOGINNAME`,`PASSWORD`,`REALNAME`,`GENDER`,`PHONENUMBER`,`EMAIL`,`AGE`,`IMAGEADDRESS`,`EDUCATION`,`NOTE`,`DEPARTMENTID`) values (28,'tencent','e10adc3949ba59abbe56e057f20f883e','腾讯','女','15644445555','123456@qq.com',25,'d:/oarun/image/user/tencent_009.jpg','博士',NULL,3);

/*Table structure for table `user_role` */

DROP TABLE IF EXISTS `user_role`;

CREATE TABLE `user_role` (
  `ROLEID` bigint(20) NOT NULL,
  `USERID` bigint(20) NOT NULL,
  PRIMARY KEY (`USERID`,`ROLEID`),
  KEY `FK_8d8gxobeojjuioajgvad121ns` (`ROLEID`),
  CONSTRAINT `FK_8d8gxobeojjuioajgvad121ns` FOREIGN KEY (`ROLEID`) REFERENCES `role` (`ID`),
  CONSTRAINT `FK_l7n5esrvx2q2x4ug894jo8umk` FOREIGN KEY (`USERID`) REFERENCES `user` (`ID`)
) ENGINE=InnoDB DEFAULT CHARSET=utf8 COLLATE=utf8_bin;

/*Data for the table `user_role` */

insert  into `user_role`(`ROLEID`,`USERID`) values (3,13);
insert  into `user_role`(`ROLEID`,`USERID`) values (3,14);
insert  into `user_role`(`ROLEID`,`USERID`) values (3,15);
insert  into `user_role`(`ROLEID`,`USERID`) values (4,16);
insert  into `user_role`(`ROLEID`,`USERID`) values (4,17);
insert  into `user_role`(`ROLEID`,`USERID`) values (4,18);
insert  into `user_role`(`ROLEID`,`USERID`) values (4,19);
insert  into `user_role`(`ROLEID`,`USERID`) values (4,20);
insert  into `user_role`(`ROLEID`,`USERID`) values (4,21);
insert  into `user_role`(`ROLEID`,`USERID`) values (4,22);
insert  into `user_role`(`ROLEID`,`USERID`) values (4,25);
insert  into `user_role`(`ROLEID`,`USERID`) values (4,26);
insert  into `user_role`(`ROLEID`,`USERID`) values (4,27);
insert  into `user_role`(`ROLEID`,`USERID`) values (4,28);

/*!40101 SET SQL_MODE=@OLD_SQL_MODE */;
/*!40014 SET FOREIGN_KEY_CHECKS=@OLD_FOREIGN_KEY_CHECKS */;
/*!40014 SET UNIQUE_CHECKS=@OLD_UNIQUE_CHECKS */;
/*!40111 SET SQL_NOTES=@OLD_SQL_NOTES */;
